name,latitude,longitude,street_address,National Register of Historic Places,Zoning Case No.,ord1_num,ord1_date,ord2_num,ord2_date,id,id_txt,map_url,img_a,img_b,img_c
Western Pacific Depot,37.796020,-122.278070,3rd & Washington Streets,FALSE,LM 74-176,9032,"Jul 9, 1974",-,-,1,001,https://oakgis.maps.arcgis.com/apps/webappviewer/index.html?id=3676148ea4924fc7b75e7350903c7224&marker=6048374.374075185%2C2117631.343041033%2C102643%2C%2C%2C&markertemplate=%7B%22title%22%3A%223RD%20ST%20%20%20%20%20%20%20%20%20%20%20%20%20%20%20%20%20%20%20%20%20%20%20%20%20%20%20%20%20%20%20%20%20%20%20%20%20%20%20%20%20%20%20%20%22%2C%22x%22%3A6048374.374075185%2C%22y%22%3A2117631.343041033%2C%22wkid%22%3A102643%2C%22isIncludeShareUrl%22%3Atrue%7D&scale=1000.0000000277495,https://www.oaklandca.gov/resources/oakland-designated-landmark-1-western-pacific-depot-image-a,https://www.oaklandca.gov/resources/oakland-designated-landmark-1-western-pacific-depot-image-b,
Camron-Stanford House,37.801286,-122.262794,1426 Lakeside Drive,TRUE,LM 74-335,9120,"Jan 7, 1975",-,-,2,002,https://oakgis.maps.arcgis.com/apps/webappviewer/index.html?id=3676148ea4924fc7b75e7350903c7224&marker=6052605.415621069%2C2119053.8049421185%2C102643%2C%2C%2C&markertemplate=%7B%22title%22%3A%22BELLEVUE%20AVE%20%20%20%20%20%20%20%20%20%20%20%20%20%20%20%20%20%20%20%20%20%20%20%20%20%20%20%20%20%20%20%20%20%20%20%20%20%20%22%2C%22x%22%3A6052605.415621069%2C%22y%22%3A2119053.8049421185%2C%22wkid%22%3A102643%2C%22isIncludeShareUrl%22%3Atrue%7D&scale=1000.0000000036914,https://www.oaklandca.gov/resources/oakland-designated-landmark-2-camron-stanford-house-image-a,https://www.oaklandca.gov/resources/oakland-designated-landmark-2,
Heinolds' First & Last Chance Saloon,37.794182,-122.276030,90 Jack London Square,FALSE,LM 74-335,9120,"Jan 7, 1975",-,-,3,003,https://oakgis.maps.arcgis.com/apps/webappviewer/index.html?id=3676148ea4924fc7b75e7350903c7224&marker=6048926.133942235%2C2116343.89975671%2C102643%2C%2C%2C&markertemplate=%7B%22title%22%3A%22HARRISON%20ST%20%20%20%20%20%20%20%20%20%20%20%20%20%20%20%20%20%20%20%20%20%20%20%20%20%20%20%20%20%20%20%20%20%20%20%20%20%20%20%22%2C%22x%22%3A6048926.133942235%2C%22y%22%3A2116343.89975671%2C%22wkid%22%3A102643%2C%22isIncludeShareUrl%22%3Atrue%7D&scale=500.0000000035641,https://www.oaklandca.gov/resources/oakland-designated-landmark-3-heinolds-first-last-chance-saloon-image-a,https://www.oaklandca.gov/resources/oakland-designated-landmark-3-heinolds-first-last-chance-saloon-image-b,
Tower to General John C. Fremont,37.810215,-122.184220,"Joaquin Miller Park, 3300 Joaquin Miller Rd",FALSE,LM 74-335,9120,"Jan 7, 1975",-,-,4,004,https://oakgis.maps.arcgis.com/apps/webappviewer/index.html?id=3676148ea4924fc7b75e7350903c7224&marker=6073881.9711925825%2C2122002.327402691%2C102643%2C%2C%2C&markertemplate=%7B%22title%22%3A%22JOAQUIN%20MILLER%20RD%20%20%20%20%20%20%20%20%20%20%20%20%20%20%20%20%20%20%20%20%20%20%20%20%20%20%20%20%20%20%20%20%20%22%2C%22x%22%3A6073881.9711925825%2C%22y%22%3A2122002.327402691%2C%22wkid%22%3A102643%2C%22isIncludeShareUrl%22%3Atrue%7D&scale=500.0000000001272,https://www.oaklandca.gov/resources/oakland-designated-landmark-4-tower-to-general-john-c-fremont-image-a,,
Joaquin Miller Abbey,37.810054,-122.193215,"Joaquin Miller Park, 3081 Joaquin Miller Rd",TRUE,LM 74-335,9120,"Jan 7, 1975",-,-,5,005,https://oakgis.maps.arcgis.com/apps/webappviewer/index.html?id=3676148ea4924fc7b75e7350903c7224&marker=6072590.974583664%2C2122120.147896305%2C102643%2C%2C%2C&markertemplate=%7B%22title%22%3A%22JOAQUIN%20MILLER%20RD%20%20%20%20%20%20%20%20%20%20%20%20%20%20%20%20%20%20%20%20%20%20%20%20%20%20%20%20%20%20%20%20%20%22%2C%22x%22%3A6072590.974583664%2C%22y%22%3A2122120.147896305%2C%22wkid%22%3A102643%2C%22isIncludeShareUrl%22%3Atrue%7D&scale=500.00000000127284,https://www.oaklandca.gov/resources/oakland-designated-landmark-5-joaqin-miller-abbey-image-a,https://www.oaklandca.gov/resources/oakland-designated-landmark-5-joaqin-miller-abbey-image-b,
J. Mora Moss Cottage,37.823498,-122.261834,Mosswood Park,FALSE,LM 74-335,9120,"Jan 7, 1975",-,-,6,006,https://oakgis.maps.arcgis.com/apps/webappviewer/index.html?id=3676148ea4924fc7b75e7350903c7224&marker=6053154.107283149%2C2127221.6549250633%2C102643%2C%2C%2C&markertemplate=%7B%22title%22%3A%22WEBSTER%20ST%20%20%20%20%20%20%20%20%20%20%20%20%20%20%20%20%20%20%20%20%20%20%20%20%20%20%20%20%20%20%20%20%20%20%20%20%20%20%20%20%22%2C%22x%22%3A6053154.107283149%2C%22y%22%3A2127221.6549250633%2C%22wkid%22%3A102643%2C%22isIncludeShareUrl%22%3Atrue%7D&scale=500.0000000035641,https://www.oaklandca.gov/resources/oakland-designated-landmark-6-j-mora-moss-cottage-image-a,,
Governor George C. Pardee House,37.804782,-122.277893,672 11th Street,TRUE,LM 74-335,9120,"Jan 7, 1975",-,-,7,007,https://oakgis.maps.arcgis.com/apps/webappviewer/index.html?id=3676148ea4924fc7b75e7350903c7224&marker=6048061.354192038%2C2120387.890457226%2C102643%2C%2C%2C&markertemplate=%7B%22title%22%3A%2211TH%20ST%20%20%20%20%20%20%20%20%20%20%20%20%20%20%20%20%20%20%20%20%20%20%20%20%20%20%20%20%20%20%20%20%20%20%20%20%20%20%20%20%20%20%20%22%2C%22x%22%3A6048061.354192038%2C%22y%22%3A2120387.890457226%2C%22wkid%22%3A102643%2C%22isIncludeShareUrl%22%3Atrue%7D&scale=1000.0000000048369,https://www.oaklandca.gov/resources/oakland-designated-landmark-7-governor-george-c-pardee-house-image-a,https://www.oaklandca.gov/resources/oakland-designated-landmark-7-governor-george-c-pardee-house-image-b,
Alfred H. Cohen House,37.779770,-122.228142,1440 29th Avenue,TRUE,LM 74-335,9120,"Jan 7, 1975",-,-,8,008,https://oakgis.maps.arcgis.com/apps/webappviewer/index.html?id=3676148ea4924fc7b75e7350903c7224&marker=6062296.679854956%2C2110976.494883823%2C102643%2C%2C%2C&markertemplate=%7B%22title%22%3A%2229TH%20AVE%20%20%20%20%20%20%20%20%20%20%20%20%20%20%20%20%20%20%20%20%20%20%20%20%20%20%20%20%20%20%20%20%20%20%20%20%20%20%20%20%20%20%22%2C%22x%22%3A6062296.679854956%2C%22y%22%3A2110976.494883823%2C%22wkid%22%3A102643%2C%22isIncludeShareUrl%22%3Atrue%7D&scale=500.0000000001272,https://www.oaklandca.gov/resources/oakland-designated-landmark-8-alfred-h-cohen-house-image-a,,
Paramount Theater and Interior,37.809732,-122.268406,2025 Broadway,TRUE,LM 74-335,9120,"Jan 7, 1975",11559,"Mar 9, 1993",9,009,https://oakgis.maps.arcgis.com/apps/webappviewer/index.html?id=3676148ea4924fc7b75e7350903c7224&marker=6050760.325419921%2C2122189.0705657876%2C102643%2C%2C%2C&markertemplate=%7B%22title%22%3A%22BROADWAY%20%20%20%20%20%20%20%20%20%20%20%20%20%20%20%20%20%20%20%20%20%20%20%20%20%20%20%20%20%20%20%20%20%20%20%20%20%20%20%20%20%20%22%2C%22x%22%3A6050760.325419921%2C%22y%22%3A2122189.0705657876%2C%22wkid%22%3A102643%2C%22isIncludeShareUrl%22%3Atrue%7D&scale=1000.0000000002544,https://www.oaklandca.gov/resources/oakland-designated-landmark-9-paramount-theater-and-interior-image-a,https://www.oaklandca.gov/resources/oakland-designated-landmark-9-paramount-theater-and-interior-image-b,
Antonio Maria Peralta House,37.787142,-122.217469,2465 34th Avenue,TRUE,LM 75-221,9195,"Aug 5, 1975",-,-,10,010,https://oakgis.maps.arcgis.com/apps/webappviewer/index.html?id=3676148ea4924fc7b75e7350903c7224&marker=6065376.005546167%2C2113638.64809519%2C102643%2C%2C%2C&markertemplate=%7B%22title%22%3A%2234TH%20AVE%20%20%20%20%20%20%20%20%20%20%20%20%20%20%20%20%20%20%20%20%20%20%20%20%20%20%20%20%20%20%20%20%20%20%20%20%20%20%20%20%20%20%22%2C%22x%22%3A6065376.005546167%2C%22y%22%3A2113638.64809519%2C%22wkid%22%3A102643%2C%22isIncludeShareUrl%22%3Atrue%7D&scale=500.0000000001272,https://www.oaklandca.gov/resources/oakland-designated-landmark-10-antonio-maria-peralta-house-image-a,https://www.oaklandca.gov/resources/oakland-designated-landmark-10-antonio-maria-peralta-house-image-b,
"Adobe Headquarters Site, Rancho San Antonio",37.787590,-122.217140,2465-2501-2511 34th Avenue,FALSE,LM 75-221,9195,"Aug 5, 1975",-,-,11,011,https://oakgis.maps.arcgis.com/apps/webappviewer/index.html?id=3676148ea4924fc7b75e7350903c7224&marker=6065484.524709805%2C2113718.6830960843%2C102643%2C%2C%2C&markertemplate=%7B%22title%22%3A%2234TH%20AVE%20%20%20%20%20%20%20%20%20%20%20%20%20%20%20%20%20%20%20%20%20%20%20%20%20%20%20%20%20%20%20%20%20%20%20%20%20%20%20%20%20%20%22%2C%22x%22%3A6065484.524709805%2C%22y%22%3A2113718.6830960843%2C%22wkid%22%3A102643%2C%22isIncludeShareUrl%22%3Atrue%7D&scale=500.00000000127284,https://www.oaklandca.gov/resources/oakland-designated-landmark-11-adobe-headquarters-site-rancho-san-antonio-image-a,,
"Treadwell Hall, Calif. College of Arts and Crafts",37.835470,-122.250817,5212 Broadway,TRUE,LM 75-221,9195,"Aug 5, 1975",-,-,12,012,https://oakgis.maps.arcgis.com/apps/webappviewer/index.html?id=3676148ea4924fc7b75e7350903c7224&marker=6056079.1541677425%2C2131521.314037999%2C102643%2C%2C%2C&markertemplate=%7B%22title%22%3A%22BROADWAY%20%20%20%20%20%20%20%20%20%20%20%20%20%20%20%20%20%20%20%20%20%20%20%20%20%20%20%20%20%20%20%20%20%20%20%20%20%20%20%20%20%20%22%2C%22x%22%3A6056079.1541677425%2C%22y%22%3A2131521.314037999%2C%22wkid%22%3A102643%2C%22isIncludeShareUrl%22%3Atrue%7D&scale=1000.0000000013999,https://www.oaklandca.gov/resources/oakland-designated-landmark-12-treadwell-hall-calif-college-of-arts-and-crafts-image-a,https://www.oaklandca.gov/resources/oakland-designated-landmark-12-treadwell-hall-calif-college-of-arts-and-crafts-image-b,
First Unitarian Church,37.806395,-122.276963,685 14th Street,TRUE,LM 75-221,9195,"Aug 5, 1975",-,-,13,013,https://oakgis.maps.arcgis.com/apps/webappviewer/index.html?id=3676148ea4924fc7b75e7350903c7224&marker=6048356.738469519%2C2120929.0630270224%2C102643%2C%2C%2C&markertemplate=%7B%22title%22%3A%2214TH%20ST%20%20%20%20%20%20%20%20%20%20%20%20%20%20%20%20%20%20%20%20%20%20%20%20%20%20%20%20%20%20%20%20%20%20%20%20%20%20%20%20%20%20%20%22%2C%22x%22%3A6048356.738469519%2C%22y%22%3A2120929.0630270224%2C%22wkid%22%3A102643%2C%22isIncludeShareUrl%22%3Atrue%7D&scale=500.00000000127284,https://www.oaklandca.gov/resources/oakland-designated-landmark-13-first-unitarian-church-image-a,https://www.oaklandca.gov/resources/oakland-designated-landmark-13-first-unitarian-church-image-a-1,
Frederick B. Ginn House,37.805895,-122.276793,660 13th Street,FALSE,LM 75-221,9195,"Aug 5, 1975",-,-,14,014,https://oakgis.maps.arcgis.com/apps/webappviewer/index.html?id=3676148ea4924fc7b75e7350903c7224&marker=6048386.886464619%2C2120785.5886050113%2C102643%2C%2C%2C&markertemplate=%7B%22title%22%3A%2213TH%20ST%20%20%20%20%20%20%20%20%20%20%20%20%20%20%20%20%20%20%20%20%20%20%20%20%20%20%20%20%20%20%20%20%20%20%20%20%20%20%20%20%20%20%20%22%2C%22x%22%3A6048386.886464619%2C%22y%22%3A2120785.5886050113%2C%22wkid%22%3A102643%2C%22isIncludeShareUrl%22%3Atrue%7D&scale=500.0000000001272,https://www.oaklandca.gov/resources/oakland-designated-landmark-14-frederick-b-ginn-house-image-a,,
Tribune Tower,37.803106,-122.270820,409-415 13th Street,FALSE,LM 76-10,9306,"May 4, 1976",-,-,15,015,https://oakgis.maps.arcgis.com/apps/webappviewer/index.html?id=3676148ea4924fc7b75e7350903c7224&marker=6050051.77230093%2C2119738.731723953%2C102643%2C%2C%2C&markertemplate=%7B%22title%22%3A%2213TH%20ST%20%20%20%20%20%20%20%20%20%20%20%20%20%20%20%20%20%20%20%20%20%20%20%20%20%20%20%20%20%20%20%20%20%20%20%20%20%20%20%20%20%20%20%22%2C%22x%22%3A6050051.77230093%2C%22y%22%3A2119738.731723953%2C%22wkid%22%3A102643%2C%22isIncludeShareUrl%22%3Atrue%7D&scale=250.00000000063642,https://www.oaklandca.gov/resources/oakland-designated-landmark-15-tribune-tower-image-a,,
Herbert Hoover House,37.807550,-122.285360,1079 12th Street,FALSE,LM 76-393,9375,"Oct 5, 1976",-,-,16,016,https://oakgis.maps.arcgis.com/apps/webappviewer/index.html?id=3676148ea4924fc7b75e7350903c7224&marker=6045916.586582625%2C2121434.1510413084%2C102643%2C%2C%2C&markertemplate=%7B%22title%22%3A%2212TH%20ST%20%20%20%20%20%20%20%20%20%20%20%20%20%20%20%20%20%20%20%20%20%20%20%20%20%20%20%20%20%20%20%20%20%20%20%20%20%20%20%20%20%20%20%22%2C%22x%22%3A6045916.586582625%2C%22y%22%3A2121434.1510413084%2C%22wkid%22%3A102643%2C%22isIncludeShareUrl%22%3Atrue%7D&scale=500.0000000001272,https://www.oaklandca.gov/resources/oakland-designated-landmark-16-herbert-hoover-house-image-a,,
Jack London House,37.788115,-122.238806,1914 Foothill Blvd,FALSE,LM 76-524,9434,"Mar 8, 1977",-,-,17,017,https://oakgis.maps.arcgis.com/apps/webappviewer/index.html?id=3676148ea4924fc7b75e7350903c7224&marker=6059229.423212691%2C2114100.0038453476%2C102643%2C%2C%2C&markertemplate=%7B%22title%22%3A%22FOOTHILL%20BLVD%20%20%20%20%20%20%20%20%20%20%20%20%20%20%20%20%20%20%20%20%20%20%20%20%20%20%20%20%20%20%20%20%20%20%20%20%20%22%2C%22x%22%3A6059229.423212691%2C%22y%22%3A2114100.0038453476%2C%22wkid%22%3A102643%2C%22isIncludeShareUrl%22%3Atrue%7D&scale=250.00000000063642,https://www.oaklandca.gov/resources/oakland-designated-landmark-17-jack-london-house-image-a,,
Young Women's Christian Assoc. (YWCA),37.804728,-122.268406,1515 Webster Street,TRUE,LM 77-151,9475,"May 24, 1977",-,-,18,018,https://oakgis.maps.arcgis.com/apps/webappviewer/index.html?id=3676148ea4924fc7b75e7350903c7224&marker=6050793.629563017%2C2120291.6103012543%2C102643%2C%2C%2C&markertemplate=%7B%22title%22%3A%22WEBSTER%20ST%20%20%20%20%20%20%20%20%20%20%20%20%20%20%20%20%20%20%20%20%20%20%20%20%20%20%20%20%20%20%20%20%20%20%20%20%20%20%20%20%22%2C%22x%22%3A6050793.629563017%2C%22y%22%3A2120291.6103012543%2C%22wkid%22%3A102643%2C%22isIncludeShareUrl%22%3Atrue%7D&scale=1000.0000000025457,https://www.oaklandca.gov/resources/oakland-designated-landmark-18-young-womens-christian-assoc-ywca-image-a,,
Lakeshore Highlands Portals,37.809585,-122.234632,Trestle Glen Road & Longridge Road,FALSE,LM 77-374,9538,"Nov 15, 1977",-,-,19,019,https://oakgis.maps.arcgis.com/apps/webappviewer/index.html?id=3676148ea4924fc7b75e7350903c7224&marker=6058207.889712721%2C2122300.5067041004%2C102643%2C%2C%2C&markertemplate=%7B%22title%22%3A%22WESLEY%20WAY%20%20%20%20%20%20%20%20%20%20%20%20%20%20%20%20%20%20%20%20%20%20%20%20%20%20%20%20%20%20%20%20%20%20%20%20%20%20%20%20%22%2C%22x%22%3A6058207.889712721%2C%22y%22%3A2122300.5067041004%2C%22wkid%22%3A102643%2C%22isIncludeShareUrl%22%3Atrue%7D&scale=1000.0000000094195,https://www.oaklandca.gov/resources/oakland-designated-landmark-19-lakeshore-highlands-portals-image-a,https://www.oaklandca.gov/resources/oakland-designated-landmark-19-lakeshore-highlands-portals-image-b,
Greek Orthodox Church of the Assumption,37.803520,-122.278940,950 Castro Street,TRUE,LM 77-522,9546,"Nov 29, 1977",-,-,20,020,https://oakgis.maps.arcgis.com/apps/webappviewer/index.html?id=3676148ea4924fc7b75e7350903c7224&marker=6047786.773842267%2C2119911.916666526%2C102643%2C%2C%2C&markertemplate=%7B%22title%22%3A%22CASTRO%20ST%20%20%20%20%20%20%20%20%20%20%20%20%20%20%20%20%20%20%20%20%20%20%20%20%20%20%20%20%20%20%20%20%20%20%20%20%20%20%20%20%20%22%2C%22x%22%3A6047786.773842267%2C%22y%22%3A2119911.916666526%2C%22wkid%22%3A102643%2C%22isIncludeShareUrl%22%3Atrue%7D&scale=500.0000000001272,https://www.oaklandca.gov/resources/oakland-designated-landmark-20-greek-orthodox-church-of-the-assumption-image-a,https://www.oaklandca.gov/resources/oakland-designated-landmark-20-greek-orthodox-church-of-the-assumption,
Quinn House,37.810644,-122.282585,1004-1006 16th Street,FALSE,LM 77-573,9590,"Mar 21, 1978",-,-,21,021,https://oakgis.maps.arcgis.com/apps/webappviewer/index.html?id=3676148ea4924fc7b75e7350903c7224&marker=6046745.012210824%2C2122531.1395945433%2C102643%2C%2C%2C&markertemplate=%7B%22title%22%3A%2216TH%20ST%20%20%20%20%20%20%20%20%20%20%20%20%20%20%20%20%20%20%20%20%20%20%20%20%20%20%20%20%20%20%20%20%20%20%20%20%20%20%20%20%20%20%20%22%2C%22x%22%3A6046745.012210824%2C%22y%22%3A2122531.1395945433%2C%22wkid%22%3A102643%2C%22isIncludeShareUrl%22%3Atrue%7D&scale=250.00000000063642,https://www.oaklandca.gov/resources/oakland-designated-landmark-21-quinn-house-image-a,https://www.oaklandca.gov/resources/oakland-designated-landmark-21-quinn-house-image-a-1,
Arbor Villa Palm Trees,37.808047,-122.270402,"West side of 9th Avenue from E. 24th to E. 28th Streets, along Bayview Avenue and Park Blvd. to 9th Avenue",FALSE,LM 77-573,9590,"Mar 21, 1978",-,-,22,022,https://oakgis.maps.arcgis.com/apps/webappviewer/index.html?id=3676148ea4924fc7b75e7350903c7224&marker=6058762.10308942%2C2118395.815398255%2C102643%2C%2C%2C&markertemplate=%7B%22title%22%3A%229TH%20AVE%20%20%20%20%20%20%20%20%20%20%20%20%20%20%20%20%20%20%20%20%20%20%20%20%20%20%20%20%20%20%20%20%20%20%20%20%20%20%20%20%20%20%20%22%2C%22x%22%3A6058762.10308942%2C%22y%22%3A2118395.815398255%2C%22wkid%22%3A102643%2C%22isIncludeShareUrl%22%3Atrue%7D&scale=1000.0000000036914,https://www.oaklandca.gov/resources/oakland-designated-landmark-22-arbor-villa-palm-trees-image-a,,
Fox Oakland Theater and Building,37.781653,-122.238198,1807-1829 Telegraph Avenue,TRUE,LM 78-36,9592,"Mar 28, 1978",-,-,23,023,https://oakgis.maps.arcgis.com/apps/webappviewer/index.html?id=3676148ea4924fc7b75e7350903c7224&marker=6050200.0349756535%2C2121522.5049242913%2C102643%2C%2C%2C&markertemplate=%7B%22title%22%3A%22TELEGRAPH%20AVE%20%20%20%20%20%20%20%20%20%20%20%20%20%20%20%20%20%20%20%20%20%20%20%20%20%20%20%20%20%20%20%20%20%20%20%20%20%22%2C%22x%22%3A6050200.0349756535%2C%22y%22%3A2121522.5049242913%2C%22wkid%22%3A102643%2C%22isIncludeShareUrl%22%3Atrue%7D&scale=500.0000000001272,https://www.oaklandca.gov/resources/oakland-designated-landmark-23-fox-oakland-theater-and-building-image-a,https://www.oaklandca.gov/resources/oakland-designated-landmark-23-fox-oakland-theater-and-building-image-b,
California Cotton Mills (1917 Bldg.),37.806953,-122.272351,1091 Calcot Place,TRUE,LM 78-653,9729,"Feb 20, 1979",-,-,24,024,https://oakgis.maps.arcgis.com/apps/webappviewer/index.html?id=3676148ea4924fc7b75e7350903c7224&marker=6059354.39670911%2C2111757.5975550264%2C102643%2C%2C%2C&markertemplate=%7B%22title%22%3A%22CALCOT%20PL%20%20%20%20%20%20%20%20%20%20%20%20%20%20%20%20%20%20%20%20%20%20%20%20%20%20%20%20%20%20%20%20%20%20%20%20%20%20%20%20%20%22%2C%22x%22%3A6059354.39670911%2C%22y%22%3A2111757.5975550264%2C%22wkid%22%3A102643%2C%22isIncludeShareUrl%22%3Atrue%7D&scale=1000.0000000013999,https://www.oaklandca.gov/resources/oakland-designated-landmark-24-california-cotton-mills-image-a,,
Maclise Drug Store Bldg.,37.821922,-122.250288,1633 San Pablo Avenue,FALSE,LM 78-652,9730,"Feb 20, 1979",-,-,25,025,https://oakgis.maps.arcgis.com/apps/webappviewer/index.html?id=3676148ea4924fc7b75e7350903c7224&marker=6049670.213523777%2C2121142.885328847%2C102643%2C%2C%2C&markertemplate=%7B%22title%22%3A%22SAN%20PABLO%20AVE%20%20%20%20%20%20%20%20%20%20%20%20%20%20%20%20%20%20%20%20%20%20%20%20%20%20%20%20%20%20%20%20%20%20%20%20%20%22%2C%22x%22%3A6049670.213523777%2C%22y%22%3A2121142.885328847%2C%22wkid%22%3A102643%2C%22isIncludeShareUrl%22%3Atrue%7D&scale=500.00000000127284,https://www.oaklandca.gov/resources/oakland-designated-landmark-25-maclise-drug-store-building-image-a,https://www.oaklandca.gov/resources/oakland-designated-landmark-25-maclise-drug-store-building-image-b,
Locke House,37.797698,-122.261553,3911 Harrison Street,TRUE,LM 79-39,9745,"Apr 3, 1979",-,-,26,026,https://oakgis.maps.arcgis.com/apps/webappviewer/index.html?id=3676148ea4924fc7b75e7350903c7224&marker=6056148.366099328%2C2126471.6013528733%2C102643%2C%2C%2C&markertemplate=%7B%22title%22%3A%22HARRISON%20ST%20%20%20%20%20%20%20%20%20%20%20%20%20%20%20%20%20%20%20%20%20%20%20%20%20%20%20%20%20%20%20%20%20%20%20%20%20%20%20%22%2C%22x%22%3A6056148.366099328%2C%22y%22%3A2126471.6013528733%2C%22wkid%22%3A102643%2C%22isIncludeShareUrl%22%3Atrue%7D&scale=1000.0000000036914,https://city-of-oakland.imgix.net/general-images/Landmark-26A-Locke-House-Resized.jpg,,
Oakland Municipal Auditorium/Henry J. Kaiser Center,37.805326,-122.272569,10 10th Street,FALSE,LM 79-40,9746,"Apr 3, 1979",-,-,27,027,https://oakgis.maps.arcgis.com/apps/webappviewer/index.html?id=3676148ea4924fc7b75e7350903c7224&marker=6052712.174833684%2C2117666.5312832207%2C102643%2C%2C%2C&markertemplate=%7B%22title%22%3A%2210TH%20ST%20%20%20%20%20%20%20%20%20%20%20%20%20%20%20%20%20%20%20%20%20%20%20%20%20%20%20%20%20%20%20%20%20%20%20%20%20%20%20%20%20%20%20%22%2C%22x%22%3A6052712.174833684%2C%22y%22%3A2117666.5312832207%2C%22wkid%22%3A102643%2C%22isIncludeShareUrl%22%3Atrue%7D&scale=2000.0000000005089,https://www.oaklandca.gov/resources/oakland-designated-landmark-27-oakland-municipal-auditorium-henry-j-image-a,,
Oakland City Hall,37.868706,-122.259186,1 Frank H. Ogawa Plaza,TRUE,LM 79-131,9783,"Jun 19, 1979",-,-,28,028,https://oakgis.maps.arcgis.com/apps/webappviewer/index.html?id=3676148ea4924fc7b75e7350903c7224&marker=6049603.3140131%2C2120548.592626214%2C102643%2C%2C%2C&markertemplate=%7B%22title%22%3A%22CITY%20HALL%20PLZ%20%20%20%20%20%20%20%20%20%20%20%20%20%20%20%20%20%20%20%20%20%20%20%20%20%20%20%20%20%20%20%20%20%20%20%20%20%22%2C%22x%22%3A6049603.3140131%2C%22y%22%3A2120548.592626214%2C%22wkid%22%3A102643%2C%22isIncludeShareUrl%22%3Atrue%7D&scale=1000.0000000002544,https://www.oaklandca.gov/resources/oakland-designated-landmark-28-oakland-city-hall-image-a,https://www.oaklandca.gov/resources/oakland-designated-landmark-28-oakland-city-hall-image-b,
St. Augustine's/Old Trinity Church,37.813003,-122.258968,29th Street & Telegraph Avenue,TRUE,LM 79-401,9847,"Dec 4, 1979",-,-,29,029,https://oakgis.maps.arcgis.com/apps/webappviewer/index.html?id=3676148ea4924fc7b75e7350903c7224&marker=6051066.462380431%2C2125201.3029321413%2C102643%2C%2C%2C&markertemplate=%7B%22title%22%3A%2229TH%20ST%20%20%20%20%20%20%20%20%20%20%20%20%20%20%20%20%20%20%20%20%20%20%20%20%20%20%20%20%20%20%20%20%20%20%20%20%20%20%20%20%20%20%20%22%2C%22x%22%3A6051066.462380431%2C%22y%22%3A2125201.3029321413%2C%22wkid%22%3A102643%2C%22isIncludeShareUrl%22%3Atrue%7D&scale=1000.0000000036914,https://www.oaklandca.gov/resources/oakland-designated-landmark-29-st-augustines-old-trinity-church-image-a,,
Earl Warren House,37.857913,-122.213487,88 Vernon Street,FALSE,LM 79-281,9848,"Dec 4, 1979",-,-,30,030,,https://www.oaklandca.gov/resources/oakland-designated-landmark-30-earl-warren-house-image-a,,
Hotel Oakland,37.802192,-122.267345,260 13th Street,TRUE,LM 79-484,9854,"Dec 18, 1979",-,-,31,031,https://oakgis.maps.arcgis.com/apps/webappviewer/index.html?id=3676148ea4924fc7b75e7350903c7224&marker=6051122.9955727495%2C2119432.1994707664%2C102643%2C%2C%2C&markertemplate=%7B%22title%22%3A%2213TH%20ST%20%20%20%20%20%20%20%20%20%20%20%20%20%20%20%20%20%20%20%20%20%20%20%20%20%20%20%20%20%20%20%20%20%20%20%20%20%20%20%20%20%20%20%22%2C%22x%22%3A6051122.9955727495%2C%22y%22%3A2119432.1994707664%2C%22wkid%22%3A102643%2C%22isIncludeShareUrl%22%3Atrue%7D&scale=1000.0000000071282,https://www.oaklandca.gov/resources/oakland-designated-landmark-31-hotel-oakland-image-a,,
Caldecott Tunnel,37.830165,-122.213406,State Highway 24 at Contra Costa line,FALSE,LM 79-494,9865,"Jan 22, 1980",-,-,32,032,https://oakgis.maps.arcgis.com/apps/webappviewer/index.html?id=3676148ea4924fc7b75e7350903c7224&marker=6065852.806370313%2C2138311.0193054294%2C102643%2C%2C%2C&markertemplate=%7B%22title%22%3A%22FRONTAGE%20RD%20%20%20%20%20%20%20%20%20%20%20%20%20%20%20%20%20%20%20%20%20%20%20%20%20%20%20%20%20%20%20%20%20%20%20%20%20%20%20%22%2C%22x%22%3A6065852.806370313%2C%22y%22%3A2138311.0193054294%2C%22wkid%22%3A102643%2C%22isIncludeShareUrl%22%3Atrue%7D&scale=2000.0000000176933,https://www.oaklandca.gov/resources/oakland-designated-landmark-32-caldecott-tunnel-image-a,https://www.oaklandca.gov/resources/oakland-designated-landmark-32-caldecott-tunnel-image-b,
North Field,37.790027,-122.247816,Metropolitan Oakland International Airport,FALSE,LM 79-310,9872,"Feb 5, 1980",-,-,33,033,https://oakgis.maps.arcgis.com/apps/webappviewer/index.html?id=3676148ea4924fc7b75e7350903c7224&marker=6064670.350818534%2C2095290.479909237%2C102643%2C%2C%2C&markertemplate=%7B%22title%22%3A%22EARHART%20RD%20%20%20%20%20%20%20%20%20%20%20%20%20%20%20%20%20%20%20%20%20%20%20%20%20%20%20%20%20%20%20%20%20%20%20%20%20%20%20%20%22%2C%22x%22%3A6064670.350818534%2C%22y%22%3A2095290.479909237%2C%22wkid%22%3A102643%2C%22isIncludeShareUrl%22%3Atrue%7D&scale=1000.0000000094195,https://www.oaklandca.gov/resources/oakland-designated-landmark-33-north-field-image-a,https://www.oaklandca.gov/resources/oakland-designated-landmark-33-north-field-image-b,
Montclair Fire House,37.807270,-122.300020,6226 Moraga Avenue,FALSE,LM 80-4,9897,"Mar 18, 1980",-,-,34,034,https://oakgis.maps.arcgis.com/apps/webappviewer/index.html?id=3676148ea4924fc7b75e7350903c7224&marker=6066833.258442364%2C2129276.0801638286%2C102643%2C%2C%2C&markertemplate=%7B%22title%22%3A%22MORAGA%20AVE%20%20%20%20%20%20%20%20%20%20%20%20%20%20%20%20%20%20%20%20%20%20%20%20%20%20%20%20%20%20%20%20%20%20%20%20%20%20%20%20%22%2C%22x%22%3A6066833.258442364%2C%22y%22%3A2129276.0801638286%2C%22wkid%22%3A102643%2C%22isIncludeShareUrl%22%3Atrue%7D&scale=500.0000000001272,https://www.oaklandca.gov/resources/oakland-designated-landmark-34-montclair-fire-house-image-a,,
Brooklyn Fire House,37.790140,-122.247749,1235 International Boulevard,FALSE,LM 80-40,9911,"Apr 8, 1980",-,-,35,035,https://oakgis.maps.arcgis.com/apps/webappviewer/index.html?id=3676148ea4924fc7b75e7350903c7224&marker=6056651.307427481%2C2114844.921604117%2C102643%2C%2C%2C&markertemplate=%7B%22title%22%3A%22INTERNATIONAL%20BLVD%20%20%20%20%20%20%20%20%20%20%20%20%20%20%20%20%20%20%20%20%20%20%20%20%20%20%20%20%20%20%20%20%22%2C%22x%22%3A6056651.307427481%2C%22y%22%3A2114844.921604117%2C%22wkid%22%3A102643%2C%22isIncludeShareUrl%22%3Atrue%7D&scale=500.0000000001272,https://www.oaklandca.gov/resources/oakland-designated-landmark-35-brooklyn-fire-house-image-a,,
Point Oakland Fire House (Demolished),37.807490,-122.255960,1681 8th Street,FALSE,LM 80-95,9926,"May 27, 1980",-,-,36,036,https://oakgis.maps.arcgis.com/apps/webappviewer/index.html?id=3676148ea4924fc7b75e7350903c7224&marker=6041694.145982008%2C2121439.996314895%2C102643%2C%2C%2C&markertemplate=%7B%22title%22%3A%228TH%20ST%20%20%20%20%20%20%20%20%20%20%20%20%20%20%20%20%20%20%20%20%20%20%20%20%20%20%20%20%20%20%20%20%20%20%20%20%20%20%20%20%20%20%20%20%22%2C%22x%22%3A6041694.145982008%2C%22y%22%3A2121439.996314895%2C%22wkid%22%3A102643%2C%22isIncludeShareUrl%22%3Atrue%7D&scale=500.00000000127284,-,,
Dunsmuir House and Carriage House/The Dunsmuir-Hellman Historic Estate,37.807721,-122.222353,2960 Peralta Oaks Court,TRUE,LM 79-542,9927,"May 27, 1980",-,-,37,037,https://oakgis.maps.arcgis.com/apps/webappviewer/index.html?id=3676148ea4924fc7b75e7350903c7224&marker=6087175.272992984%2C2097160.0496753627%2C102643%2C%2C%2C&markertemplate=%7B%22title%22%3A%22PERALTA%20OAKS%20CT%20%20%20%20%20%20%20%20%20%20%20%20%20%20%20%20%20%20%20%20%20%20%20%20%20%20%20%20%20%20%20%20%20%20%20%22%2C%22x%22%3A6087175.272992984%2C%22y%22%3A2097160.0496753627%2C%22wkid%22%3A102643%2C%22isIncludeShareUrl%22%3Atrue%7D&scale=250.00000000063642,https://www.oaklandca.gov/resources/oakland-designated-landmark-37-dunsmuir-house-and-carriage-house-image-a,https://www.oaklandca.gov/resources/oakland-designated-landmark-37-dunsmuir-house-and-carriage-house-image-b,
Leona Park,37.796889,-122.250007,Old Survivor Redwood Tree,FALSE,LM 80-134,9940,"Jun 24, 1980",-,-,38,038,https://oakgis.maps.arcgis.com/apps/webappviewer/index.html?id=3676148ea4924fc7b75e7350903c7224&marker=6077958.921062071%2C2115728.142172116%2C102643%2C%2C%2C&markertemplate=%7B%22title%22%3A%22MOUNTAIN%20BLVD%20%20%20%20%20%20%20%20%20%20%20%20%20%20%20%20%20%20%20%20%20%20%20%20%20%20%20%20%20%20%20%20%20%20%20%20%20%22%2C%22x%22%3A6077958.921062071%2C%22y%22%3A2115728.142172116%2C%22wkid%22%3A102643%2C%22isIncludeShareUrl%22%3Atrue%7D&scale=4000.0000000101827,https://www.oaklandca.gov/resources/oakland-designated-landmark-38-leona-park-image-a,https://www.oaklandca.gov/resources/oakland-designated-landmark-38-leona-park-image-b,https://www.oaklandca.gov/resources/oakland-designated-landmark-38-leona-park-image-c
Lake Merritt,37.839247,-122.282205,Lakeside Park & Wildlife Refuge,TRUE,LM 79-514,9945,"Jul 8, 1980",-,-,39,039,https://oakgis.maps.arcgis.com/apps/webappviewer/index.html?id=3676148ea4924fc7b75e7350903c7224&marker=6054444.598145312%2C2121084.4789776923%2C102643%2C%2C%2C&markertemplate=%7B%22title%22%3A%22BELLEVUE%20AVE%20%20%20%20%20%20%20%20%20%20%20%20%20%20%20%20%20%20%20%20%20%20%20%20%20%20%20%20%20%20%20%20%20%20%20%20%20%20%22%2C%22x%22%3A6054444.598145312%2C%22y%22%3A2121084.4789776923%2C%22wkid%22%3A102643%2C%22isIncludeShareUrl%22%3Atrue%7D&scale=500.00000000241846,https://www.oaklandca.gov/resources/oakland-designated-landmark-39-lake-merritt-image-a,https://www.oaklandca.gov/resources/oakland-designated-landmark-39-lake-merrit-image-b,https://www.oaklandca.gov/resources/oakland-designated-landmark-39-lake-merritt-image-c
Leimert Bridge,37.772419,-122.207623,Leimert Blvd. between Park Blvd. & Clemens Road,FALSE,LM 80-276,9978,"Sep 30, 1980",-,-,40,040,https://oakgis.maps.arcgis.com/apps/webappviewer/index.html?id=3676148ea4924fc7b75e7350903c7224&marker=6066678.105089837%2C2122789.7741165934%2C102643%2C%2C%2C&markertemplate=%7B%22title%22%3A%22LEIMERT%20BLVD%20%20%20%20%20%20%20%20%20%20%20%20%20%20%20%20%20%20%20%20%20%20%20%20%20%20%20%20%20%20%20%20%20%20%20%20%20%20%22%2C%22x%22%3A6066678.105089837%2C%22y%22%3A2122789.7741165934%2C%22wkid%22%3A102643%2C%22isIncludeShareUrl%22%3Atrue%7D&scale=1000.0000000082739,https://www.oaklandca.gov/resources/oakland-designated-landmark-40-leimert-bridge-image-a,https://www.oaklandca.gov/resources/oakland-designated-landmark-40-leimert-bridge-image-b,
Glenview Branch Library,37.838199,-122.262514,4231 Park Boulevard,FALSE,LM 80-275,9979,"Sep 30, 1980",11964,"Feb 25, 1997",41,041,https://oakgis.maps.arcgis.com/apps/webappviewer/index.html?id=3676148ea4924fc7b75e7350903c7224&marker=6064123.215759494%2C2121146.662366253%2C102643%2C%2C%2C&markertemplate=%7B%22title%22%3A%22PARK%20BLVD%20%20%20%20%20%20%20%20%20%20%20%20%20%20%20%20%20%20%20%20%20%20%20%20%20%20%20%20%20%20%20%20%20%20%20%20%20%20%20%20%20%22%2C%22x%22%3A6064123.215759494%2C%22y%22%3A2121146.662366253%2C%22wkid%22%3A102643%2C%22isIncludeShareUrl%22%3Atrue%7D&scale=2000.0000000005089,https://www.oaklandca.gov/resources/oakland-designated-landmark-41-glenview-branch-library-image-a,,
Asa White House,37.783480,-122.234330,604 East 17th Street,TRUE,LM 80-408,9995,"Nov 4, 1980",-,-,42,042,https://oakgis.maps.arcgis.com/apps/webappviewer/index.html?id=3676148ea4924fc7b75e7350903c7224&marker=6056097.500477044%2C2117401.894243641%2C102643%2C%2C%2C&markertemplate=%7B%22title%22%3A%226TH%20AVE%20%20%20%20%20%20%20%20%20%20%20%20%20%20%20%20%20%20%20%20%20%20%20%20%20%20%20%20%20%20%20%20%20%20%20%20%20%20%20%20%20%20%20%22%2C%22x%22%3A6056097.500477044%2C%22y%22%3A2117401.894243641%2C%22wkid%22%3A102643%2C%22isIncludeShareUrl%22%3Atrue%7D&scale=1000.0000000002544,https://www.oaklandca.gov/resources/oakland-designated-landmark-42-asa-white-house-image-a,,
Carnegie Libraries: Golden Gate Branch,37.826399,-122.256796,5606 San Pablo Avenue,TRUE,LM 80-326,9996,"Nov 4, 1980",-,-,43A,043A,https://oakgis.maps.arcgis.com/apps/webappviewer/index.html?id=3676148ea4924fc7b75e7350903c7224&marker=6047068.252808673%2C2132949.0161711294%2C102643%2C%2C%2C&markertemplate=%7B%22title%22%3A%22SAN%20PABLO%20AVE%20%20%20%20%20%20%20%20%20%20%20%20%20%20%20%20%20%20%20%20%20%20%20%20%20%20%20%20%20%20%20%20%20%20%20%20%20%22%2C%22x%22%3A6047068.252808673%2C%22y%22%3A2132949.0161711294%2C%22wkid%22%3A102643%2C%22isIncludeShareUrl%22%3Atrue%7D&scale=1000.0000000002544,https://www.oaklandca.gov/resources/oakland-designated-landmark-43a-carnegie-libraries-golden-gate-branch-image-a,https://www.oaklandca.gov/resources/oakland-designated-landmark-43a-carnegie-libraries-melrose-branch-image-b,
Carnegie Libraries: Melrose Branch,37.822484,-122.264831,4805 Foothill Blvd,TRUE,LM 80-326,9996,"Nov 4, 1980",-,-,43B,043B,https://oakgis.maps.arcgis.com/apps/webappviewer/index.html?id=3676148ea4924fc7b75e7350903c7224&marker=6068136.704371716%2C2108207.481454552%2C102643%2C%2C%2C&markertemplate=%7B%22title%22%3A%22FOOTHILL%20BLVD%20%20%20%20%20%20%20%20%20%20%20%20%20%20%20%20%20%20%20%20%20%20%20%20%20%20%20%20%20%20%20%20%20%20%20%20%20%22%2C%22x%22%3A6068136.704371716%2C%22y%22%3A2108207.481454552%2C%22wkid%22%3A102643%2C%22isIncludeShareUrl%22%3Atrue%7D&scale=2000.0000000016548,https://www.oaklandca.gov/resources/oakland-designated-landmark-43b-melrose-branch-image-a,,
Carnegie Libraries: Temescal Branch,37.805379,-122.277188,5205 Telegraph Avenue,TRUE,LM 80-326,9996,"Nov 4, 1980",-,-,43C,043C,https://oakgis.maps.arcgis.com/apps/webappviewer/index.html?id=3676148ea4924fc7b75e7350903c7224&marker=6052715.763025461%2C2132465.8261338603%2C102643%2C%2C%2C&markertemplate=%7B%22title%22%3A%22TELEGRAPH%20AVE%20%20%20%20%20%20%20%20%20%20%20%20%20%20%20%20%20%20%20%20%20%20%20%20%20%20%20%20%20%20%20%20%20%20%20%20%20%22%2C%22x%22%3A6052715.763025461%2C%22y%22%3A2132465.8261338603%2C%22wkid%22%3A102643%2C%22isIncludeShareUrl%22%3Atrue%7D&scale=2000.0000000016548,https://www.oaklandca.gov/resources/oakland-designated-landmark-43c-temescal-branch-image-a,https://www.oaklandca.gov/resources/oakland-designated-landmark-43c-temescal-branch-image-b,
Carnegie Libraries: 23rd Avenue Branch (Demolished),37.806100,-122.276365,1441 Miller Avenue,TRUE,LM 80-326,9996,"Nov 4, 1980",-,-,43D,043D,https://oakgis.maps.arcgis.com/apps/webappviewer/index.html?id=3676148ea4924fc7b75e7350903c7224&marker=6060453.276764631%2C2112408.2154568695%2C102643%2C%2C%2C&markertemplate=%7B%22title%22%3A%22MILLER%20AVE%20%20%20%20%20%20%20%20%20%20%20%20%20%20%20%20%20%20%20%20%20%20%20%20%20%20%20%20%20%20%20%20%20%20%20%20%20%20%20%20%22%2C%22x%22%3A6060453.276764631%2C%22y%22%3A2112408.2154568695%2C%22wkid%22%3A102643%2C%22isIncludeShareUrl%22%3Atrue%7D&scale=2000.0000000016548,https://www.oaklandca.gov/resources/oakland-designated-landmark-43d-23rd-avenue-branch-image-a,https://www.oaklandca.gov/resources/oakland-designated-landmark-43d-23rd-avenue-branch-image-b,
King's Daughters Home,37.794065,-122.224825,3900 Broadway,FALSE,LM 80-147,9997,"Nov 4, 1980",-,-,44,044,https://oakgis.maps.arcgis.com/apps/webappviewer/index.html?id=3676148ea4924fc7b75e7350903c7224&marker=6054302.9363349965%2C2128152.4845207306%2C102643%2C%2C%2C&markertemplate=%7B%22title%22%3A%22BROADWAY%20%20%20%20%20%20%20%20%20%20%20%20%20%20%20%20%20%20%20%20%20%20%20%20%20%20%20%20%20%20%20%20%20%20%20%20%20%20%20%20%20%20%22%2C%22x%22%3A6054302.9363349965%2C%22y%22%3A2128152.4845207306%2C%22wkid%22%3A102643%2C%22isIncludeShareUrl%22%3Atrue%7D&scale=1000.0000000036914,https://www.oaklandca.gov/resources/oakland-designated-landmark-44-kings-daughters-home-image-a,https://www.oaklandca.gov/resources/oakland-designated-landmark-44-kings-daughters-home-image-b,
Morcom Amphitheater of Roses,37.798443,-122.184746,Oakland-Piedmont line between Oakland Avenue and Jean Street,FALSE,LM 80-276,9978,"Sep 30, 1980",-,-,45,045,https://oakgis.maps.arcgis.com/apps/webappviewer/index.html?id=3676148ea4924fc7b75e7350903c7224&marker=6057078.978001673%2C2125831.303965166%2C102643%2C%2C%2C&markertemplate=%7B%22title%22%3A%22MONTE%20VISTA%20AVE%20%20%20%20%20%20%20%20%20%20%20%20%20%20%20%20%20%20%20%20%20%20%20%20%20%20%20%20%20%20%20%20%20%20%20%22%2C%22x%22%3A6057078.978001673%2C%22y%22%3A2125831.303965166%2C%22wkid%22%3A102643%2C%22isIncludeShareUrl%22%3Atrue%7D&scale=4000.0000000147656,https://www.oaklandca.gov/resources/oakland-designated-landmark-45-morcom-amphitheater-of-roses-image-a,https://www.oaklandca.gov/resources/oakland-designated-landmark-45-morcom-amphitheater-of-roses-image-b,
Second Church of Christ Scientist Parks Chapel A.M.E. Church,37.811559,-122.247485,476 34th Street,FALSE,LM 80-511,10034,"Feb 24, 1981",-,-,46,046,https://oakgis.maps.arcgis.com/apps/webappviewer/index.html?id=3676148ea4924fc7b75e7350903c7224&marker=6051949.944741043%2C2126754.586308311%2C102643%2C%2C%2C&markertemplate=%7B%22title%22%3A%2234TH%20ST%20%20%20%20%20%20%20%20%20%20%20%20%20%20%20%20%20%20%20%20%20%20%20%20%20%20%20%20%20%20%20%20%20%20%20%20%20%20%20%20%20%20%20%22%2C%22x%22%3A6051949.944741043%2C%22y%22%3A2126754.586308311%2C%22wkid%22%3A102643%2C%22isIncludeShareUrl%22%3Atrue%7D&scale=2000.0000000005089,https://www.oaklandca.gov/resources/oakland-designated-landmark-46-second-church-of-christ-scientist-parks-chapel-a-m-e-church-image-a,,
James White House,37.790682,-122.246818,Preservation Park,FALSE,LM 81-12,10047,"Apr 14, 1981",-,-,47,047,https://oakgis.maps.arcgis.com/apps/webappviewer/index.html?id=3676148ea4924fc7b75e7350903c7224&marker=6048214.701685489%2C2120730.2807527534%2C102643%2C%2C%2C&markertemplate=%7B%22title%22%3A%22CASTRO%20ST%20%20%20%20%20%20%20%20%20%20%20%20%20%20%20%20%20%20%20%20%20%20%20%20%20%20%20%20%20%20%20%20%20%20%20%20%20%20%20%20%20%22%2C%22x%22%3A6048214.701685489%2C%22y%22%3A2120730.2807527534%2C%22wkid%22%3A102643%2C%22isIncludeShareUrl%22%3Atrue%7D&scale=1000.0000000013999,https://www.oaklandca.gov/resources/oakland-designated-landmark-47-james-white-house-image-a,,
Charles S. Greene Library/African American Museum and Library of Oakland,37.794661,-122.245637,659 14th Street,TRUE,LM 81-12,10047,"Apr 14, 1981",-,-,48,048,https://oakgis.maps.arcgis.com/apps/webappviewer/index.html?id=3676148ea4924fc7b75e7350903c7224&marker=6048488.901111047%2C2120864.4328823965%2C102643%2C%2C%2C&markertemplate=%7B%22title%22%3A%2214TH%20ST%20%20%20%20%20%20%20%20%20%20%20%20%20%20%20%20%20%20%20%20%20%20%20%20%20%20%20%20%20%20%20%20%20%20%20%20%20%20%20%20%20%20%20%22%2C%22x%22%3A6048488.901111047%2C%22y%22%3A2120864.4328823965%2C%22wkid%22%3A102643%2C%22isIncludeShareUrl%22%3Atrue%7D&scale=1000.0000000013999,https://www.oaklandca.gov/resources/oakland-designated-landmark-48-charles-s-greene-library-african-american-museum-and-library-of-oakland-image-a,,
Southern Pacific Mole,37.811454,-122.288165,Westerly terminus of 7th Street,FALSE,LM 81-42,10049,"Apr 14, 1981",-,-,49,049,https://oakgis.maps.arcgis.com/apps/webappviewer/index.html?id=3676148ea4924fc7b75e7350903c7224&marker=6034438.6290414855%2C2122597.0717712888%2C102643%2C%2C%2C&markertemplate=%7B%22title%22%3A%227TH%20ST%20%20%20%20%20%20%20%20%20%20%20%20%20%20%20%20%20%20%20%20%20%20%20%20%20%20%20%20%20%20%20%20%20%20%20%20%20%20%20%20%20%20%20%20%22%2C%22x%22%3A6034438.6290414855%2C%22y%22%3A2122597.0717712888%2C%22wkid%22%3A102643%2C%22isIncludeShareUrl%22%3Atrue%7D&scale=1000.0000000025457,https://www.oaklandca.gov/resources/oakland-designated-landmark-49-southern-pacific-mole-image-a,https://www.oaklandca.gov/resources/oakland-designated-landmark-49-southern-pacific-mole-image-b,https://www.oaklandca.gov/resources/oakland-designated-landmark-49-southern-pacific-mole-image-c
John McMullen House,37.812151,-122.286081,2748 Grande Vista Avenue,FALSE,LM 81-44,10062,"May 5, 1981",-,-,50,050,https://oakgis.maps.arcgis.com/apps/webappviewer/index.html?id=3676148ea4924fc7b75e7350903c7224&marker=6063314.093058105%2C2116208.1061047637%2C102643%2C%2C%2C&markertemplate=%7B%22title%22%3A%22GRANDE%20VISTA%20AVE%20%20%20%20%20%20%20%20%20%20%20%20%20%20%20%20%20%20%20%20%20%20%20%20%20%20%20%20%20%20%20%20%20%20%22%2C%22x%22%3A6063314.093058105%2C%22y%22%3A2116208.1061047637%2C%22wkid%22%3A102643%2C%22isIncludeShareUrl%22%3Atrue%7D&scale=250.00000000063642,https://www.oaklandca.gov/resources/oakland-designated-landmark-50-john-mcmullen-house-image-a,,
George McCrea House and Indian Campground,37.798740,-122.241820,Holy Names College Campus 3500 Mountain Blvd.,TRUE,LM 81-43,10063,"May 5, 1981",-,-,51,051,https://oakgis.maps.arcgis.com/apps/webappviewer/index.html?id=3676148ea4924fc7b75e7350903c7224&marker=6074477.360967658%2C2118307.683005897%2C102643%2C%2C%2C&markertemplate=%7B%22title%22%3A%22MOUNTAIN%20BLVD%20%20%20%20%20%20%20%20%20%20%20%20%20%20%20%20%20%20%20%20%20%20%20%20%20%20%20%20%20%20%20%20%20%20%20%20%20%22%2C%22x%22%3A6074477.360967658%2C%22y%22%3A2118307.683005897%2C%22wkid%22%3A102643%2C%22isIncludeShareUrl%22%3Atrue%7D&scale=1000.0000000025457,https://www.oaklandca.gov/resources/oakland-designated-landmark-51-george-mccrea-house-and-indian-campground-image-a,https://www.oaklandca.gov/resources/oakland-designated-landmark-51-george-mccrea-house-and-indian-campground-image-b,
Grand Lake Theater and Roof Sign,37.790500,-122.249450,3200 Grand Avenue,FALSE,LM 81-101,10098,"Jul 14, 1981",-,-,52,052,https://oakgis.maps.arcgis.com/apps/webappviewer/index.html?id=3676148ea4924fc7b75e7350903c7224&marker=6056830.94467387%2C2122655.100741213%2C102643%2C%2C%2C&markertemplate=%7B%22title%22%3A%22GRAND%20AVE%20%20%20%20%20%20%20%20%20%20%20%20%20%20%20%20%20%20%20%20%20%20%20%20%20%20%20%20%20%20%20%20%20%20%20%20%20%20%20%20%20%22%2C%22x%22%3A6056830.94467387%2C%22y%22%3A2122655.100741213%2C%22wkid%22%3A102643%2C%22isIncludeShareUrl%22%3Atrue%7D&scale=2000.0000000005089,https://www.oaklandca.gov/resources/oakland-designated-landmark-52-grand-lake-theater-and-roof-sign-image-a,https://www.oaklandca.gov/resources/oakland-designated-landmark-52-grand-lake-theater-and-roof-sign-image-b,
Dr. William Bamford House,37.790479,-122.249110,1235-1239 East 15th Street,FALSE,LM 81-231,10152,"Nov 17, 1981",-,-,53,053,https://oakgis.maps.arcgis.com/apps/webappviewer/index.html?id=3676148ea4924fc7b75e7350903c7224&marker=6056942.889968639%2C2115075.6838729773%2C102643%2C%2C%2C&markertemplate=%7B%22title%22%3A%22E%2015TH%20ST%20%20%20%20%20%20%20%20%20%20%20%20%20%20%20%20%20%20%20%20%20%20%20%20%20%20%20%20%20%20%20%20%20%20%20%20%20%20%20%20%20%22%2C%22x%22%3A6056942.889968639%2C%22y%22%3A2115075.6838729773%2C%22wkid%22%3A102643%2C%22isIncludeShareUrl%22%3Atrue%7D&scale=500.0000000001272,https://www.oaklandca.gov/resources/oakland-designated-landmark-53-dr-william-bamford-house-image-a,,
James Presho House,37.800319,-122.271902,1806 10th Avenue,FALSE,LM 81-234A,10153,"Nov 17, 1981",-,-,54,054,https://oakgis.maps.arcgis.com/apps/webappviewer/index.html?id=3676148ea4924fc7b75e7350903c7224&marker=6057313.2136091%2C2116523.8194695115%2C102643%2C%2C%2C&markertemplate=%7B%22title%22%3A%2210TH%20AVE%20%20%20%20%20%20%20%20%20%20%20%20%20%20%20%20%20%20%20%20%20%20%20%20%20%20%20%20%20%20%20%20%20%20%20%20%20%20%20%20%20%20%22%2C%22x%22%3A6057313.2136091%2C%22y%22%3A2116523.8194695115%2C%22wkid%22%3A102643%2C%22isIncludeShareUrl%22%3Atrue%7D&scale=1000.0000000002544,https://www.oaklandca.gov/resources/oakland-designated-landmark-54-james-presho-house-image-a,https://www.oaklandca.gov/resources/oakland-designated-landmark-54-james-presho-house-image-b,
Seymour C. Davisson House,37.800380,-122.275340,1527 Union Street,FALSE,LM 81-232A,10154,"Nov 17, 1981",-,-,55,055,https://oakgis.maps.arcgis.com/apps/webappviewer/index.html?id=3676148ea4924fc7b75e7350903c7224&marker=6045146.386156712%2C2122867.394969424%2C102643%2C%2C%2C&markertemplate=%7B%22title%22%3A%22UNION%20ST%20%20%20%20%20%20%20%20%20%20%20%20%20%20%20%20%20%20%20%20%20%20%20%20%20%20%20%20%20%20%20%20%20%20%20%20%20%20%20%20%20%20%22%2C%22x%22%3A6045146.386156712%2C%22y%22%3A2122867.394969424%2C%22wkid%22%3A102643%2C%22isIncludeShareUrl%22%3Atrue%7D&scale=1000.0000000013999,https://www.oaklandca.gov/resources/oakland-designated-landmark-55-seymour-c-davisson-house-image-a,https://www.oaklandca.gov/resources/oakland-designated-landmark-55-seymour-c-davisson-house-image-b,
DeFremery House,37.800428,-122.275315,1651 Adeline Street,FALSE,LM 81-230,10155,"Nov 17, 1981",-,-,56,056,https://oakgis.maps.arcgis.com/apps/webappviewer/index.html?id=3676148ea4924fc7b75e7350903c7224&marker=6045744.087308689%2C2123115.4104417907%2C102643%2C%2C%2C&markertemplate=%7B%22title%22%3A%2218TH%20ST%20%20%20%20%20%20%20%20%20%20%20%20%20%20%20%20%20%20%20%20%20%20%20%20%20%20%20%20%20%20%20%20%20%20%20%20%20%20%20%20%20%20%20%22%2C%22x%22%3A6045744.087308689%2C%22y%22%3A2123115.4104417907%2C%22wkid%22%3A102643%2C%22isIncludeShareUrl%22%3Atrue%7D&scale=500.0000000058554,https://www.oaklandca.gov/resources/oakland-designated-landmark-56-defremery-house-image-a,https://www.oaklandca.gov/resources/oakland-designated-landmark-56-defremery-house-image-b,
Capt. Henry E. Nichols House,37.793898,-122.251276,2304 9th Avenue,FALSE,LM 81-233A,10160,"Dec 3, 1981",-,-,57,057,https://oakgis.maps.arcgis.com/apps/webappviewer/index.html?id=3676148ea4924fc7b75e7350903c7224&marker=6058418.483548681%2C2117976.1693821917%2C102643%2C%2C%2C&markertemplate=%7B%22title%22%3A%229TH%20AVE%20%20%20%20%20%20%20%20%20%20%20%20%20%20%20%20%20%20%20%20%20%20%20%20%20%20%20%20%20%20%20%20%20%20%20%20%20%20%20%20%20%20%20%22%2C%22x%22%3A6058418.483548681%2C%22y%22%3A2117976.1693821917%2C%22wkid%22%3A102643%2C%22isIncludeShareUrl%22%3Atrue%7D&scale=250.00000000063642,https://www.oaklandca.gov/resources/oakland-designated-landmark-57-capt-henry-e-nichols-house-image-a,,
Williams Block,37.800961,-122.274237,1148-1156 East 12th Street,FALSE,LM 82-127,10246,"Jul 20, 1982",-,-,58,058,https://oakgis.maps.arcgis.com/apps/webappviewer/index.html?id=3676148ea4924fc7b75e7350903c7224&marker=6056322.727726707%2C2114916.30789161%2C102643%2C%2C%2C&markertemplate=%7B%22title%22%3A%22E%2012TH%20ST%20%20%20%20%20%20%20%20%20%20%20%20%20%20%20%20%20%20%20%20%20%20%20%20%20%20%20%20%20%20%20%20%20%20%20%20%20%20%20%20%20%22%2C%22x%22%3A6056322.727726707%2C%22y%22%3A2114916.30789161%2C%22wkid%22%3A102643%2C%22isIncludeShareUrl%22%3Atrue%7D&scale=250.00000000178204,https://www.oaklandca.gov/resources/oakland-designated-landmark-58-williams-block-image-a,,
Central Block (Demolished),37.799972,-122.274618,1102-1118 East 12th Street,FALSE,LM 82-127,10246,"Jul 20, 1982",-,-,59,059,https://oakgis.maps.arcgis.com/apps/webappviewer/index.html?id=3676148ea4924fc7b75e7350903c7224&marker=6056203.597062209%2C2115124.092758346%2C102643%2C%2C%2C&markertemplate=%7B%22title%22%3A%22E%2012TH%20ST%20%20%20%20%20%20%20%20%20%20%20%20%20%20%20%20%20%20%20%20%20%20%20%20%20%20%20%20%20%20%20%20%20%20%20%20%20%20%20%20%20%22%2C%22x%22%3A6056203.597062209%2C%22y%22%3A2115124.092758346%2C%22wkid%22%3A102643%2C%22isIncludeShareUrl%22%3Atrue%7D&scale=125.00000000203666,https://www.oaklandca.gov/resources/oakland-designated-landmark-59-central-block-demolished-image-a,,
Portland Hotel Henry House,37.811563,-122.280577,470-482 9th Street,FALSE,LM 82-310,10290,"Nov 9, 1982",-,-,60,060,https://oakgis.maps.arcgis.com/apps/webappviewer/index.html?id=3676148ea4924fc7b75e7350903c7224&marker=6049213.661121286%2C2119098.3646429204%2C102643%2C%2C%2C&markertemplate=%7B%22title%22%3A%229TH%20ST%20%20%20%20%20%20%20%20%20%20%20%20%20%20%20%20%20%20%20%20%20%20%20%20%20%20%20%20%20%20%20%20%20%20%20%20%20%20%20%20%20%20%20%20%22%2C%22x%22%3A6049213.661121286%2C%22y%22%3A2119098.3646429204%2C%22wkid%22%3A102643%2C%22isIncludeShareUrl%22%3Atrue%7D&scale=250.0000000098015,https://www.oaklandca.gov/resources/oakland-designated-landmark-60-portland-hotel-henry-house-image-a,,
Dunn Block,37.800453,-122.275302,721-725 Washington Street,TRUE,LM 82-264,10291,"Nov 9, 1982",-,-,61,061,https://oakgis.maps.arcgis.com/apps/webappviewer/index.html?id=3676148ea4924fc7b75e7350903c7224&marker=6048752.122871219%2C2118807.4063504376%2C102643%2C%2C%2C&markertemplate=%7B%22title%22%3A%22WASHINGTON%20ST%20%20%20%20%20%20%20%20%20%20%20%20%20%20%20%20%20%20%20%20%20%20%20%20%20%20%20%20%20%20%20%20%20%20%20%20%20%22%2C%22x%22%3A6048752.122871219%2C%22y%22%3A2118807.4063504376%2C%22wkid%22%3A102643%2C%22isIncludeShareUrl%22%3Atrue%7D&scale=250.00000000178204,https://www.oaklandca.gov/resources/oakland-designated-landmark-61-dunn-block-image-a,,
Peniel Mission Oriental Block,37.801231,-122.273540,716-724 Washington Street,FALSE,LM 82-263,10292,"Nov 9, 1982",-,-,62,062,https://oakgis.maps.arcgis.com/apps/webappviewer/index.html?id=3676148ea4924fc7b75e7350903c7224&marker=6048860.015933078%2C2118731.6506990087%2C102643%2C%2C%2C&markertemplate=%7B%22title%22%3A%22WASHINGTON%20ST%20%20%20%20%20%20%20%20%20%20%20%20%20%20%20%20%20%20%20%20%20%20%20%20%20%20%20%20%20%20%20%20%20%20%20%20%20%22%2C%22x%22%3A6048860.015933078%2C%22y%22%3A2118731.6506990087%2C%22wkid%22%3A102643%2C%22isIncludeShareUrl%22%3Atrue%7D&scale=125.00000000432792,https://www.oaklandca.gov/resources/oakland-designated-landmark-62-peniel-mission-oriental-block-image-a,,
Victor H. Metcalf House,37.806234,-122.270250,750 14th Street,FALSE,LM 82-308,10293,"Nov 9, 1982",-,-,63,063,https://oakgis.maps.arcgis.com/apps/webappviewer/index.html?id=3676148ea4924fc7b75e7350903c7224&marker=6047806.871370642%2C2121387.2830141378%2C102643%2C%2C%2C&markertemplate=%7B%22title%22%3A%2214TH%20ST%20%20%20%20%20%20%20%20%20%20%20%20%20%20%20%20%20%20%20%20%20%20%20%20%20%20%20%20%20%20%20%20%20%20%20%20%20%20%20%20%20%20%20%22%2C%22x%22%3A6047806.871370642%2C%22y%22%3A2121387.2830141378%2C%22wkid%22%3A102643%2C%22isIncludeShareUrl%22%3Atrue%7D&scale=500.0000000129116,https://www.oaklandca.gov/resources/oakland-designated-landmark-63-victor-h-metcalf-house-image-a,https://www.oaklandca.gov/resources/oakland-designated-landmark-63-victor-h-metcalf-house-image-b,
La Salle Hotel,37.810430,-122.281560,491-497 9th Street,FALSE,LM 82-265,10294,"Nov 9, 1982",-,-,64,064,https://oakgis.maps.arcgis.com/apps/webappviewer/index.html?id=3676148ea4924fc7b75e7350903c7224&marker=6048874.999427828%2C2119070.553816223%2C102643%2C%2C%2C&markertemplate=%7B%22title%22%3A%22WASHINGTON%20ST%20%20%20%20%20%20%20%20%20%20%20%20%20%20%20%20%20%20%20%20%20%20%20%20%20%20%20%20%20%20%20%20%20%20%20%20%20%22%2C%22x%22%3A6048874.999427828%2C%22y%22%3A2119070.553816223%2C%22wkid%22%3A102643%2C%22isIncludeShareUrl%22%3Atrue%7D&scale=500.00000000485784,https://www.oaklandca.gov/resources/oakland-designated-landmark-64-la-salle-hotel-image-a,,
Central Pacific Railway Depot (Mi Rancho),37.810561,-122.282137,464-468 7th Street,FALSE,LM 82-309,10295,"Nov 9, 1982",-,-,65,065,https://oakgis.maps.arcgis.com/apps/webappviewer/index.html?id=3676148ea4924fc7b75e7350903c7224&marker=6048941.099407545%2C2118573.6059345366%2C102643%2C%2C%2C&markertemplate=%7B%22title%22%3A%227TH%20ST%20%20%20%20%20%20%20%20%20%20%20%20%20%20%20%20%20%20%20%20%20%20%20%20%20%20%20%20%20%20%20%20%20%20%20%20%20%20%20%20%20%20%20%20%22%2C%22x%22%3A6048941.099407545%2C%22y%22%3A2118573.6059345366%2C%22wkid%22%3A102643%2C%22isIncludeShareUrl%22%3Atrue%7D&scale=500.0000000002557,https://www.oaklandca.gov/resources/oakland-designated-landmark-65-central-pacific-railway-depot-mi-rancho-image-a,https://www.oaklandca.gov/resources/oakland-designated-landmark-65-central-pacific-railway-depot-mi-rancho-image-b,
Bowman B. Brown Building,37.810711,-122.282833,"727-730 Washington Street, 509-513 8th Street",FALSE,LM 82-266,10296,"Nov 9, 1982",-,-,66,066,https://oakgis.maps.arcgis.com/apps/webappviewer/index.html?id=3676148ea4924fc7b75e7350903c7224&marker=6048753.580169282%2C2118849.2304425286%2C102643%2C%2C%2C&markertemplate=%7B%22title%22%3A%22WASHINGTON%20ST%20%20%20%20%20%20%20%20%20%20%20%20%20%20%20%20%20%20%20%20%20%20%20%20%20%20%20%20%20%20%20%20%20%20%20%20%20%22%2C%22x%22%3A6048753.580169282%2C%22y%22%3A2118849.2304425286%2C%22wkid%22%3A102643%2C%22isIncludeShareUrl%22%3Atrue%7D&scale=500.0000000002557,https://www.oaklandca.gov/resources/oakland-designated-landmark-66-bowman-b-brown-building-image-a,,
Hume-Wilcutt House,37.810522,-122.281972,918 18th Street,FALSE,LM 82-417,10319,"Feb 15, 1983",-,-,67,067,https://oakgis.maps.arcgis.com/apps/webappviewer/index.html?id=3676148ea4924fc7b75e7350903c7224&marker=6047326.8402059%2C2122864.213318369%2C102643%2C%2C%2C&markertemplate=%7B%22title%22%3A%2218TH%20ST%20%20%20%20%20%20%20%20%20%20%20%20%20%20%20%20%20%20%20%20%20%20%20%20%20%20%20%20%20%20%20%20%20%20%20%20%20%20%20%20%20%20%20%22%2C%22x%22%3A6047326.8402059%2C%22y%22%3A2122864.213318369%2C%22wkid%22%3A102643%2C%22isIncludeShareUrl%22%3Atrue%7D&scale=500.0000000002557,https://www.oaklandca.gov/resources/oakland-designated-landmark-67-hume-wilcutt-house-image-a,,
Wilcox Block Annex (Gladstone),37.836477,-122.261389,"821-833 Broadway, 459-475 9th Street",FALSE,LM 83-22,10332,"Apr 12, 1983",-,-,68,068,https://oakgis.maps.arcgis.com/apps/webappviewer/index.html?id=3676148ea4924fc7b75e7350903c7224&marker=6049221.850656247%2C2118906.8898944785%2C102643%2C%2C%2C&markertemplate=%7B%22title%22%3A%22BROADWAY%20%20%20%20%20%20%20%20%20%20%20%20%20%20%20%20%20%20%20%20%20%20%20%20%20%20%20%20%20%20%20%20%20%20%20%20%20%20%20%20%20%20%22%2C%22x%22%3A6049221.850656247%2C%22y%22%3A2118906.8898944785%2C%22wkid%22%3A102643%2C%22isIncludeShareUrl%22%3Atrue%7D&scale=1000.0000000005114,https://www.oaklandca.gov/resources/oakland-designated-landmark-68-wilcox-block-annex-gladstone-image-a,,
Delger Block,37.800960,-122.274230,901-933 Broadway,FALSE,LM 83-24,10332,"Apr 12, 1983",-,-,69,069,https://oakgis.maps.arcgis.com/apps/webappviewer/index.html?id=3676148ea4924fc7b75e7350903c7224&marker=6049337.142623083%2C2119150.5895525166%2C102643%2C%2C%2C&markertemplate=%7B%22title%22%3A%22BROADWAY%20%20%20%20%20%20%20%20%20%20%20%20%20%20%20%20%20%20%20%20%20%20%20%20%20%20%20%20%20%20%20%20%20%20%20%20%20%20%20%20%20%20%22%2C%22x%22%3A6049337.142623083%2C%22y%22%3A2119150.5895525166%2C%22wkid%22%3A102643%2C%22isIncludeShareUrl%22%3Atrue%7D&scale=1000.0000000005114,https://www.oaklandca.gov/resources/oakland-designated-landmark-69-delger-block-image-a,,
Cathedral Building,37.801365,-122.274046,1615 Broadway,TRUE,LM 83-23,10333,"Apr 12, 1983",-,-,70,070,https://oakgis.maps.arcgis.com/apps/webappviewer/index.html?id=3676148ea4924fc7b75e7350903c7224&marker=6050277.589299198%2C2120872.50325521%2C102643%2C%2C%2C&markertemplate=%7B%22title%22%3A%22BROADWAY%20%20%20%20%20%20%20%20%20%20%20%20%20%20%20%20%20%20%20%20%20%20%20%20%20%20%20%20%20%20%20%20%20%20%20%20%20%20%20%20%20%20%22%2C%22x%22%3A6050277.589299198%2C%22y%22%3A2120872.50325521%2C%22wkid%22%3A102643%2C%22isIncludeShareUrl%22%3Atrue%7D&scale=500.0000000002557,https://www.oaklandca.gov/resources/oakland-designated-landmark-70-catherdral-building-image-a,https://www.oaklandca.gov/resources/oakland-designated-landmark-70-cathedral-building-image-b,
Holland Canning House,37.794952,-122.281495,954 16th Street,FALSE,LM 83-95,10364,"Jul 12, 1983",-,-,71,071,https://oakgis.maps.arcgis.com/apps/webappviewer/index.html?id=3676148ea4924fc7b75e7350903c7224&marker=6047046.211770602%2C2122431.091246816%2C102643%2C%2C%2C&markertemplate=%7B%22title%22%3A%2216TH%20ST%20%20%20%20%20%20%20%20%20%20%20%20%20%20%20%20%20%20%20%20%20%20%20%20%20%20%20%20%20%20%20%20%20%20%20%20%20%20%20%20%20%20%20%22%2C%22x%22%3A6047046.211770602%2C%22y%22%3A2122431.091246816%2C%22wkid%22%3A102643%2C%22isIncludeShareUrl%22%3Atrue%7D&scale=500.0000000025567,https://www.oaklandca.gov/resources/oakland-designated-landmark-71-holland-canning-house-image-a,,
Reed Henshaw House,37.795850,-122.264680,974 16th Street,FALSE,LM 83-96,10364,"Jul 12, 1983",-,-,72,072,https://oakgis.maps.arcgis.com/apps/webappviewer/index.html?id=3676148ea4924fc7b75e7350903c7224&marker=6046860.663140399%2C2122491.9308748557%2C102643%2C%2C%2C&markertemplate=%7B%22title%22%3A%2216TH%20ST%20%20%20%20%20%20%20%20%20%20%20%20%20%20%20%20%20%20%20%20%20%20%20%20%20%20%20%20%20%20%20%20%20%20%20%20%20%20%20%20%20%20%20%22%2C%22x%22%3A6046860.663140399%2C%22y%22%3A2122491.9308748557%2C%22wkid%22%3A102643%2C%22isIncludeShareUrl%22%3Atrue%7D&scale=250.00000000193046,https://www.oaklandca.gov/resources/oakland-designated-landmark-72-reed-henshaw-house-image-a,https://www.oaklandca.gov/resources/oakland-designated-landmark-72-reed-henshaw-house-image-b,
Campbell House,37.802476,-122.271933,1014 16th Street,FALSE,LM 83-97,10364,"Jul 12, 1983",-,-,73,073,https://oakgis.maps.arcgis.com/apps/webappviewer/index.html?id=3676148ea4924fc7b75e7350903c7224&marker=6046668.219780888%2C2122557.5056292824%2C102643%2C%2C%2C&markertemplate=%7B%22title%22%3A%2216TH%20ST%20%20%20%20%20%20%20%20%20%20%20%20%20%20%20%20%20%20%20%20%20%20%20%20%20%20%20%20%20%20%20%20%20%20%20%20%20%20%20%20%20%20%20%22%2C%22x%22%3A6046668.219780888%2C%22y%22%3A2122557.5056292824%2C%22wkid%22%3A102643%2C%22isIncludeShareUrl%22%3Atrue%7D&scale=500.0000000038609,https://www.oaklandca.gov/resources/oakland-designated-landmark-73-campbell-house-image-a,https://www.oaklandca.gov/resources/oakland-designated-landmark-73-campbell-house-image-b,
Gladding Chickering House,37.791679,-122.246209,970 16th Street,FALSE,LM 83-98,10364,"Jul 12, 1983",-,-,74,074,https://oakgis.maps.arcgis.com/apps/webappviewer/index.html?id=3676148ea4924fc7b75e7350903c7224&marker=6046911.875835585%2C2122483.847160773%2C102643%2C%2C%2C&markertemplate=%7B%22title%22%3A%2216TH%20ST%20%20%20%20%20%20%20%20%20%20%20%20%20%20%20%20%20%20%20%20%20%20%20%20%20%20%20%20%20%20%20%20%20%20%20%20%20%20%20%20%20%20%20%22%2C%22x%22%3A6046911.875835585%2C%22y%22%3A2122483.847160773%2C%22wkid%22%3A102643%2C%22isIncludeShareUrl%22%3Atrue%7D&scale=1000.0000000091699,https://www.oaklandca.gov/resources/oakland-designated-landmark-74-gladding-chickering-house-image-a,https://www.oaklandca.gov/resources/oakland-designated-landmark-74-gladding-chickering-house-image-b,
Cattaneo Block Buon Gusto Bakery,37.791270,-122.247595,5006-5010 Telegraph Avenue,FALSE,LM 83-151,10373,"Sep 6, 1983",-,-,75,075,https://oakgis.maps.arcgis.com/apps/webappviewer/index.html?id=3676148ea4924fc7b75e7350903c7224&marker=6052821.605513745%2C2131881.012733492%2C102643%2C%2C%2C&markertemplate=%7B%22title%22%3A%22TELEGRAPH%20AVE%20%20%20%20%20%20%20%20%20%20%20%20%20%20%20%20%20%20%20%20%20%20%20%20%20%20%20%20%20%20%20%20%20%20%20%20%20%22%2C%22x%22%3A6052821.605513745%2C%22y%22%3A2131881.012733492%2C%22wkid%22%3A102643%2C%22isIncludeShareUrl%22%3Atrue%7D&scale=500.00000000530883,https://www.oaklandca.gov/resources/oakland-designated-landmark-75-cattaneo-block-buon-gusto-bakery-image-a,,
Lloyd Hotel Building,37.795080,-122.276000,477-487 9th Street,FALSE,LM 83-301,10407,"Nov 8, 1983",-,-,76,076,https://oakgis.maps.arcgis.com/apps/webappviewer/index.html?id=3676148ea4924fc7b75e7350903c7224&marker=6049152.035776531%2C2119135.487490432%2C102643%2C%2C%2C&markertemplate=%7B%22title%22%3A%229TH%20ST%20%20%20%20%20%20%20%20%20%20%20%20%20%20%20%20%20%20%20%20%20%20%20%20%20%20%20%20%20%20%20%20%20%20%20%20%20%20%20%20%20%20%20%20%22%2C%22x%22%3A6049152.035776531%2C%22y%22%3A2119135.487490432%2C%22wkid%22%3A102643%2C%22isIncludeShareUrl%22%3Atrue%7D&scale=1000.000000030888,https://www.oaklandca.gov/resources/oakland-designated-landmark-76-lloyd-hotel-building-image-a,,
Arlington Hotel Building,37.868706,-122.259186,484-494 9th Street,FALSE,LM 83-302,10409,"Nov 8, 1983",-,-,77,077,https://oakgis.maps.arcgis.com/apps/webappviewer/index.html?id=3676148ea4924fc7b75e7350903c7224&marker=6049150.600151799%2C2119126.126411838%2C102643%2C%2C%2C&markertemplate=%7B%22title%22%3A%229TH%20ST%20%20%20%20%20%20%20%20%20%20%20%20%20%20%20%20%20%20%20%20%20%20%20%20%20%20%20%20%20%20%20%20%20%20%20%20%20%20%20%20%20%20%20%20%22%2C%22x%22%3A6049150.600151799%2C%22y%22%3A2119126.126411838%2C%22wkid%22%3A102643%2C%22isIncludeShareUrl%22%3Atrue%7D&scale=250.00000000357946,https://www.oaklandca.gov/resources/oakland-designated-landmark-77-arlington-hotel-building-image-a,,
Gooch Block (Ratto's International Grocery),37.781140,-122.232450,817-829 Washington Street,FALSE,LM 83-379,10419,"Dec 20, 1983",-,-,78,078,https://oakgis.maps.arcgis.com/apps/webappviewer/index.html?id=3676148ea4924fc7b75e7350903c7224&marker=6048872.981372135%2C2119081.4990488524%2C102643%2C%2C%2C&markertemplate=%7B%22title%22%3A%22WASHINGTON%20ST%20%20%20%20%20%20%20%20%20%20%20%20%20%20%20%20%20%20%20%20%20%20%20%20%20%20%20%20%20%20%20%20%20%20%20%20%20%22%2C%22x%22%3A6048872.981372135%2C%22y%22%3A2119081.4990488524%2C%22wkid%22%3A102643%2C%22isIncludeShareUrl%22%3Atrue%7D&scale=250.00000000357946,https://www.oaklandca.gov/resources/oakland-designated-landmark-78-gooch-block-rattos-international-groceryimage-a,,
Jefferson Square,37.798556,-122.252659,"6th Street, 7th Street",FALSE,LM 83-398,10420,"Dec 20, 1983",-,-,79,079,https://oakgis.maps.arcgis.com/apps/webappviewer/index.html?id=3676148ea4924fc7b75e7350903c7224&marker=6047814.011911792%2C2118933.4567621225%2C102643%2C%2C%2C&markertemplate=%7B%22title%22%3A%227TH%20ST%20%20%20%20%20%20%20%20%20%20%20%20%20%20%20%20%20%20%20%20%20%20%20%20%20%20%20%20%20%20%20%20%20%20%20%20%20%20%20%20%20%20%20%20%22%2C%22x%22%3A6047814.011911792%2C%22y%22%3A2118933.4567621225%2C%22wkid%22%3A102643%2C%22isIncludeShareUrl%22%3Atrue%7D&scale=1000.0000000005114,https://www.oaklandca.gov/resources/oakland-designated-landmark-79-jefferson-square-image-a,,
Lincoln Square,37.803722,-122.270339,"10th St., 11th St., Harrison St., Alice St.",FALSE,LM 83-401,10421,"Dec 20, 1983",-,-,80,080,https://oakgis.maps.arcgis.com/apps/webappviewer/index.html?id=3676148ea4924fc7b75e7350903c7224&marker=-122.2685640786146%2C37.8002592759074%2C%2C%2C%2C&markertemplate=%7B%22title%22%3A%2210TH%20ST%22%2C%22longitude%22%3A-122.2685640786146%2C%22latitude%22%3A37.8002592759074%2C%22isIncludeShareUrl%22%3Atrue%7D&level=19,https://www.oaklandca.gov/resources/oakland-designated-landmark-80-lincoln-square-oakland-square-image-a,https://www.oaklandca.gov/resources/oakland-designated-landmark-80-lincoln-square-oakland-square-image-b,
Southern Pacific Railroad Station,37.803471,-122.239697,16th and Wood Streets,FALSE,LM 83-423,10435,"Jan 31, 1984",-,-,81,081,https://oakgis.maps.arcgis.com/apps/webappviewer/index.html?id=3676148ea4924fc7b75e7350903c7224&marker=-122.29683208397114%2C37.81524903116406%2C%2C%2C%2C&markertemplate=%7B%22title%22%3A%22WOOD%20ST%22%2C%22longitude%22%3A-122.29683208397114%2C%22latitude%22%3A37.81524903116406%2C%22isIncludeShareUrl%22%3Atrue%7D&level=18,https://www.oaklandca.gov/resources/oakland-designated-landmark-81-southern-pacific-railroad-station-image-a,,
1100 Broadway Building,37.803796,-122.238613,1100 Broadway,TRUE,LM 83-425,10434,"Jan 31, 1984",-,-,82,082,https://oakgis.maps.arcgis.com/apps/webappviewer/index.html?id=3676148ea4924fc7b75e7350903c7224&marker=-122.27210595606269%2C37.802385972055966%2C%2C%2C%2C&markertemplate=%7B%22title%22%3A%22BROADWAY%22%2C%22longitude%22%3A-122.27210595606269%2C%22latitude%22%3A37.802385972055966%2C%22isIncludeShareUrl%22%3Atrue%7D&level=18,https://www.oaklandca.gov/resources/oakland-designated-landmark-82-1100-broadway-building-image-a,https://www.oaklandca.gov/resources/oakland-designated-landmark-82-1100-broadway-building-image-b,
St. James Episcopal Church Parish Hall,37.803198,-122.238056,1540 12th Avenue,FALSE,LM 84-58,10472,"May 29, 1984",-,-,83,083,https://oakgis.maps.arcgis.com/apps/webappviewer/index.html?id=3676148ea4924fc7b75e7350903c7224&marker=-122.24621169839247%2C37.79162072336478%2C%2C%2C%2C&markertemplate=%7B%22title%22%3A%22%22%2C%22longitude%22%3A-122.24621169839247%2C%22latitude%22%3A37.79162072336478%2C%22isIncludeShareUrl%22%3Atrue%7D&level=18,https://www.oaklandca.gov/resources/oakland-designated-landmark-83-st-james-episcopal-church-parish-hall-image-a,https://www.oaklandca.gov/resources/oakland-designated-landmark-83-st-james-episcopal-church-parish-hall-image-b,
Brooklyn Presbyterian Church & Parish Hall,37.791357,-122.247433,1433 12th Avenue,TRUE,LM 84-109,10477,"Jun 26, 1984",-,-,84,084,https://oakgis.maps.arcgis.com/apps/webappviewer/index.html?id=3676148ea4924fc7b75e7350903c7224&marker=-122.24764936242259%2C37.79129430404365%2C%2C%2C%2C&markertemplate=%7B%22title%22%3A%2212TH%20AVE%22%2C%22longitude%22%3A-122.24764936242259%2C%22latitude%22%3A37.79129430404365%2C%22isIncludeShareUrl%22%3Atrue%7D&level=18,https://www.oaklandca.gov/resources/oakland-designated-landmark-84-brooklyn-presbyterian-church-parish-hall-image-a,https://www.oaklandca.gov/resources/oakland-designated-landmark-84-brooklyn-presbyterian-church-parish-hall-image-b,
Asian Resource Center,37.810671,-122.281185,8th and Harrison Streets,FALSE,LM 84-291,10514,"Oct 16, 1984",-,-,85,085,https://oakgis.maps.arcgis.com/apps/webappviewer/index.html?id=3676148ea4924fc7b75e7350903c7224&marker=-122.27026150066304%2C37.799092652792076%2C%2C%2C%2C&markertemplate=%7B%22title%22%3A%22HARRISON%20ST%22%2C%22longitude%22%3A-122.27026150066304%2C%22latitude%22%3A37.799092652792076%2C%22isIncludeShareUrl%22%3Atrue%7D&level=18,https://www.oaklandca.gov/resources/oakland-designated-landmark-85-asian-resource-center-image-a,,
Latham Square Fountain,37.801442,-122.266701,15th Street and Telegraph Avenue,FALSE,LM 84-266,10515,"Oct 16, 1984",-,-,86,086,https://oakgis.maps.arcgis.com/apps/webappviewer/index.html?id=3676148ea4924fc7b75e7350903c7224&marker=-122.27026402770032%2C37.80623346377559%2C%2C%2C%2C&markertemplate=%7B%22title%22%3A%22BROADWAY%22%2C%22longitude%22%3A-122.27026402770032%2C%22latitude%22%3A37.80623346377559%2C%22isIncludeShareUrl%22%3Atrue%7D&level=18,https://www.oaklandca.gov/resources/oakland-designated-landmark-86-latham-square-fountain-image-a,,
St. Joseph's Home for the Aged & Professional Center,37.780602,-122.232165,2647 International Boulevard,FALSE,LM 84-317,10522,"Nov 13, 1984",-,-,87,087,https://oakgis.maps.arcgis.com/apps/webappviewer/index.html?id=3676148ea4924fc7b75e7350903c7224&marker=-122.2322664832303%2C37.780538923149024%2C%2C%2C%2C&markertemplate=%7B%22title%22%3A%22INTERNATIONAL%20BLVD%22%2C%22longitude%22%3A-122.2322664832303%2C%22latitude%22%3A37.780538923149024%2C%22isIncludeShareUrl%22%3Atrue%7D&level=18,https://www.oaklandca.gov/resources/oakland-designated-landmark-87-st-josephs-home-for-the-aged-professional-center-image-a,,
Howden Building,37.832778,-122.253369,325-43 17th Street,FALSE,LM 84-290,10524,"Nov 13, 1984",-,-,88,088,https://oakgis.maps.arcgis.com/apps/webappviewer/index.html?id=3676148ea4924fc7b75e7350903c7224&marker=-122.26733597277617%2C37.805674266924136%2C%2C%2C%2C&markertemplate=%7B%22title%22%3A%22%22%2C%22longitude%22%3A-122.26733597277617%2C%22latitude%22%3A37.805674266924136%2C%22isIncludeShareUrl%22%3Atrue%7D&level=18,https://www.oaklandca.gov/resources/oakland-designated-landmark-88-howden-building-image-a,https://www.oaklandca.gov/resources/oakland-designated-landmark-88-howden-building-image-b,
Financial Center Building,37.802138,-122.271046,405 14th Street,FALSE,LM 84-292,10525,"Nov 13, 1984",-,-,89,089,https://oakgis.maps.arcgis.com/apps/webappviewer/index.html?id=3676148ea4924fc7b75e7350903c7224&marker=-122.27011954115724%2C37.80387658067377%2C%2C%2C%2C&markertemplate=%7B%22title%22%3A%22%22%2C%22longitude%22%3A-122.27011954115724%2C%22latitude%22%3A37.80387658067377%2C%22isIncludeShareUrl%22%3Atrue%7D&level=18,https://www.oaklandca.gov/resources/oakland-designated-landmark-89-financial-center-building-image-a,https://www.oaklandca.gov/resources/oakland-designated-landmark-89-financial-center-building-image-b,
Lafayette Square,37.804121,-122.267879,"10th Street, 11th Street, Jefferson Street & Martin Luther King Jr. Way",FALSE,LM 83-399,10541,"Jan 8, 1985",-,-,90,090,https://oakgis.maps.arcgis.com/apps/webappviewer/index.html?id=3676148ea4924fc7b75e7350903c7224&marker=-122.27573665141196%2C37.80237672109529%2C%2C%2C%2C&markertemplate=%7B%22title%22%3A%2210TH%20ST%22%2C%22longitude%22%3A-122.27573665141196%2C%22latitude%22%3A37.80237672109529%2C%22isIncludeShareUrl%22%3Atrue%7D&level=18,https://www.oaklandca.gov/resources/oakland-designated-landmark-90-lafayette-square-image-a,https://www.oaklandca.gov/resources/oakland-designated-landmark-90-lafayette-square-image-b,
Mary R. Smith Trust Cottages: Initial Cottage,37.805296,-122.270555,23-27 Home Place West,FALSE,LM 84-417,10570,"Apr 23, 1985",-,-,91,091,https://oakgis.maps.arcgis.com/apps/webappviewer/index.html?id=3676148ea4924fc7b75e7350903c7224&marker=-122.23889744224591%2C37.803372438783484%2C%2C%2C%2C&markertemplate=%7B%22title%22%3A%22%22%2C%22longitude%22%3A-122.23889744224591%2C%22latitude%22%3A37.803372438783484%2C%22isIncludeShareUrl%22%3Atrue%7D&level=18,https://www.oaklandca.gov/resources/oakland-designated-landmark-91-mary-r-smith-trust-cottages-initial-cottage-image-a,,
Mary R Smith Trust: Grace Cottage,37.833400,-122.216072,1101-5 McKinley,FALSE,LM 84-412,10571,"Apr 23, 1985",-,-,92,092,https://oakgis.maps.arcgis.com/apps/webappviewer/index.html?id=3676148ea4924fc7b75e7350903c7224&marker=-122.23889744224591%2C37.803372438783484%2C%2C%2C%2C&markertemplate=%7B%22title%22%3A%22%22%2C%22longitude%22%3A-122.23889744224591%2C%22latitude%22%3A37.803372438783484%2C%22isIncludeShareUrl%22%3Atrue%7D&level=18,https://www.oaklandca.gov/resources/oakland-designated-landmark-92-mary-r-smith-trust-grace-cotage-image-a,,
Mary R Trust: Evelyn Cottage,37.819128,-122.259679,3001 Park Boulevard,FALSE,LM 84-415,10572,"Apr 23, 1985",-,-,93,093,https://oakgis.maps.arcgis.com/apps/webappviewer/index.html?id=3676148ea4924fc7b75e7350903c7224&marker=-122.23805134607494%2C37.803004617872084%2C%2C%2C%2C&markertemplate=%7B%22title%22%3A%22%22%2C%22longitude%22%3A-122.23805134607494%2C%22latitude%22%3A37.803004617872084%2C%22isIncludeShareUrl%22%3Atrue%7D&level=18,https://www.oaklandca.gov/resources/oakland-designated-landmark-93-mary-r-trust-evelyn-cottage-image-a,,
Mary R Smith Trust: The Lodge,37.797522,-122.246294,N/A,FALSE,LM 84-414,10573,"Apr 23, 1985",-,-,94,094,,https://www.oaklandca.gov/resources/oakland-designated-landmark-94-mary-r-smith-trust-the-lodge-image-a,,
U.S.S. Potomac,37.802113,-122.272123,1660 Embarcadero,TRUE,LM 85-38,10574,"Apr 23, 1985",-,-,95,095,https://oakgis.maps.arcgis.com/apps/webappviewer/index.html?id=3676148ea4924fc7b75e7350903c7224&marker=-122.24525857925448%2C37.78564523998987%2C%2C%2C%2C&markertemplate=%7B%22title%22%3A%22%22%2C%22longitude%22%3A-122.24525857925448%2C%22latitude%22%3A37.78564523998987%2C%22isIncludeShareUrl%22%3Atrue%7D&level=18,https://www.oaklandca.gov/resources/oakland-designated-landmark-95-u-s-s-potomac-image-a,,
Civic Center Post Office,37.803300,-122.275810,201 13th Street,TRUE,LM 84-410,10575,"Apr 23, 1985",-,-,96,096,https://oakgis.maps.arcgis.com/apps/webappviewer/index.html?id=3676148ea4924fc7b75e7350903c7224&marker=-122.26572499986949%2C37.801293227611644%2C%2C%2C%2C&markertemplate=%7B%22title%22%3A%22%22%2C%22longitude%22%3A-122.26572499986949%2C%22latitude%22%3A37.801293227611644%2C%22isIncludeShareUrl%22%3Atrue%7D&level=18,https://www.oaklandca.gov/resources/oakland-designated-landmark-96-civic-center-post-office-image-a,,
Necklace of Lights Lake Merritt,37.796243,-122.271817,N/A,FALSE,LM 85-39,10576,"May 3, 1985",-,-,97,097,,https://www.oaklandca.gov/resources/oakland-designated-landmark-97-necklace-of-lights-lake-merritt-image-a,,
Oakland Iron Works/ United Iron Works (Demolished),37.795036,-122.240966,2nd Street at Jefferson Street,TRUE,LM 84-265,10608,"Jul 16, 1985",-,-,98,098,https://oakgis.maps.arcgis.com/apps/webappviewer/index.html?id=3676148ea4924fc7b75e7350903c7224&marker=-122.27995119973048%2C37.79746378159507%2C%2C%2C%2C&markertemplate=%7B%22title%22%3A%22%22%2C%22longitude%22%3A-122.27995119973048%2C%22latitude%22%3A37.79746378159507%2C%22isIncludeShareUrl%22%3Atrue%7D&level=18,https://www.oaklandca.gov/resources/oakland-designated-landmark-98-oakland-iron-works-united-iron-works-demolished-image-a,https://www.oaklandca.gov/resources/oakland-designated-landmark-98-oakland-iron-works-united-iron-work-image-b,
Oakland Technical High School,37.804395,-122.261979,4500 Broadway,FALSE,LM 85-212,10609,"Jul 23, 1985",-,-,99,099,https://oakgis.maps.arcgis.com/apps/webappviewer/index.html?id=3676148ea4924fc7b75e7350903c7224&marker=-122.25445474630432%2C37.832349026634525%2C%2C%2C%2C&markertemplate=%7B%22title%22%3A%22BROADWAY%22%2C%22longitude%22%3A-122.25445474630432%2C%22latitude%22%3A37.832349026634525%2C%22isIncludeShareUrl%22%3Atrue%7D&level=18,https://www.oaklandca.gov/resources/oakland-designated-landmark-99-oakland-technical-high-school-image-a,,
Oakland Title Insurance Building,37.804555,-122.264710,1449-1459 Franklin St.,FALSE,LM 83-426,10613,"Jul 30, 1985",-,-,100,100,https://oakgis.maps.arcgis.com/apps/webappviewer/index.html?id=3676148ea4924fc7b75e7350903c7224&marker=-122.26941782654157%2C37.80481811497358%2C%2C%2C%2C&markertemplate=%7B%22title%22%3A%22%22%2C%22longitude%22%3A-122.26941782654157%2C%22latitude%22%3A37.80481811497358%2C%22isIncludeShareUrl%22%3Atrue%7D&level=18,https://www.oaklandca.gov/resources/oakland-designated-landmark-100-oakland-title-insurance-building-image-a,https://www.oaklandca.gov/resources/oakland-designated-landmark-100-oakland-title-insurance-building-image-b,
White Building,37.765223,-122.202131,327-349 15th Street,FALSE,LM 85-319,10655,"Nov 12, 1985",-,-,101,101,https://oakgis.maps.arcgis.com/apps/webappviewer/index.html?id=3676148ea4924fc7b75e7350903c7224&marker=-122.2675778311571%2C37.804267115029766%2C%2C%2C%2C&markertemplate=%7B%22title%22%3A%2215TH%20ST%22%2C%22longitude%22%3A-122.2675778311571%2C%22latitude%22%3A37.804267115029766%2C%22isIncludeShareUrl%22%3Atrue%7D&level=18,https://www.oaklandca.gov/resources/oakland-designated-landmark-101-white-building-image-a,,
Roos Brothers Building,37.798380,-122.269440,1500-20 Broadway/448 15th Street,FALSE,LM 86-36,10755,"Jul 8, 1986",-,-,102,102,https://oakgis.maps.arcgis.com/apps/webappviewer/index.html?id=3676148ea4924fc7b75e7350903c7224&marker=-122.27005082786917%2C37.805470832664604%2C%2C%2C%2C&markertemplate=%7B%22title%22%3A%22BROADWAY%22%2C%22longitude%22%3A-122.27005082786917%2C%22latitude%22%3A37.805470832664604%2C%22isIncludeShareUrl%22%3Atrue%7D&level=18,https://www.oaklandca.gov/resources/oakland-designated-landmark-102-roos-brothers-building-image-a,,
Chryst House,37.811261,-122.260009,1600 Fernwood Drive,FALSE,LM 86-37,10754,"Jul 8, 1986",-,-,103,103,https://oakgis.maps.arcgis.com/apps/webappviewer/index.html?id=3676148ea4924fc7b75e7350903c7224&marker=-122.2166218588273%2C37.833359359745934%2C%2C%2C%2C&markertemplate=%7B%22title%22%3A%22%22%2C%22longitude%22%3A-122.2166218588273%2C%22latitude%22%3A37.833359359745934%2C%22isIncludeShareUrl%22%3Atrue%7D&level=18,https://www.oaklandca.gov/resources/oakland-designated-landmark-103-chryst-house-image-a,https://www.oaklandca.gov/resources/oakland-designated-landmark-103-chryst-house-image-b,
Attached Residences at Richmond Blvd,37.842492,-122.269247,3034-3040 Richmond Blvd.,FALSE,LM 86-55,10756,"Jul 8, 1986",-,-,104,104,https://oakgis.maps.arcgis.com/apps/webappviewer/index.html?id=3676148ea4924fc7b75e7350903c7224&marker=-122.259655261176%2C37.819244197084565%2C%2C%2C%2C&markertemplate=%7B%22title%22%3A%22%22%2C%22longitude%22%3A-122.259655261176%2C%22latitude%22%3A37.819244197084565%2C%22isIncludeShareUrl%22%3Atrue%7D&level=18,-,https://www.oaklandca.gov/resources/oakland-designated-landmark-104-attached-residences-image-b,https://www.oaklandca.gov/resources/oakland-designated-landmark-104-attached-residences-image-c
Tower House,37.802938,-122.237285,1937 8th Avenue,FALSE,LM 86-154,10762,"Jul 15, 1986",-,-,105,105,https://oakgis.maps.arcgis.com/apps/webappviewer/index.html?id=3676148ea4924fc7b75e7350903c7224&marker=-122.24641573773292%2C37.797108049921825%2C%2C%2C%2C&markertemplate=%7B%22title%22%3A%22%22%2C%22longitude%22%3A-122.24641573773292%2C%22latitude%22%3A37.797108049921825%2C%22isIncludeShareUrl%22%3Atrue%7D&level=18,https://www.oaklandca.gov/resources/oakland-designated-landmark-105-tower-house-image-a,,
Leamington Hotel Building Annex,37.798547,-122.263394,1800-26 Franklin Street/365-89 19th Street,FALSE,LM 86-495,10852,"Apr 7, 1987",-,-,106,106,https://oakgis.maps.arcgis.com/apps/webappviewer/index.html?id=3676148ea4924fc7b75e7350903c7224&marker=-122.26781182646612%2C37.807274066382256%2C%2C%2C%2C&markertemplate=%7B%22title%22%3A%22%22%2C%22longitude%22%3A-122.26781182646612%2C%22latitude%22%3A37.807274066382256%2C%22isIncludeShareUrl%22%3Atrue%7D&level=18,https://www.oaklandca.gov/resources/oakland-designated-landmark-106-leaminton-hotel-building-annex-image-a,,
Western Market Building,37.799680,-122.241960,1483-87 8th Street/782 Chester Street,TRUE,LM 87-150,10866,"Jun 19, 1987",-,-,107,107,https://oakgis.maps.arcgis.com/apps/webappviewer/index.html?id=3676148ea4924fc7b75e7350903c7224&marker=-122.29562725991298%2C37.80657568068652%2C%2C%2C%2C&markertemplate=%7B%22title%22%3A%22%22%2C%22longitude%22%3A-122.29562725991298%2C%22latitude%22%3A37.80657568068652%2C%22isIncludeShareUrl%22%3Atrue%7D&level=18,https://www.oaklandca.gov/resources/oakland-designated-landmark-107-western-market-building-image-a,https://www.oaklandca.gov/resources/oakland-designated-landmark-107-western-market-building-image-b,
Fricke Building (Demolished),37.811211,-122.253063,565-7 11th Street,FALSE,LM 87-560,11021,"Jul 19, 1988",10938,"Jan 19, 1988",108,108,https://oakgis.maps.arcgis.com/apps/webappviewer/index.html?id=3676148ea4924fc7b75e7350903c7224&marker=-122.27606531437199%2C37.803643012351415%2C%2C%2C%2C&markertemplate=%7B%22title%22%3A%22%22%2C%22longitude%22%3A-122.27606531437199%2C%22latitude%22%3A37.803643012351415%2C%22isIncludeShareUrl%22%3Atrue%7D&level=18,https://www.oaklandca.gov/resources/oakland-designated-landmark-108-fricke-building-demolished-image-a,,
Wetmore House Group (Demolished),37.810701,-122.252858,"571, 573-5-7 and 583 11th Street",FALSE,LM 87-561,10937,"Jan 19, 1988",11021,"Jul 19, 1988",109,109,https://oakgis.maps.arcgis.com/apps/webappviewer/index.html?id=3676148ea4924fc7b75e7350903c7224&marker=-122.27562543209349%2C37.80324035254402%2C%2C%2C%2C&markertemplate=%7B%22title%22%3A%2211TH%20ST%22%2C%22longitude%22%3A-122.27562543209349%2C%22latitude%22%3A37.80324035254402%2C%22isIncludeShareUrl%22%3Atrue%7D&level=18,https://www.oaklandca.gov/resources/oakland-designated-landmark-109-wetmore-house-group-demolished-image-a,,
Posey Tube Portal,37.810873,-122.256776,415 Harrison Street,FALSE,LM 91-128,11463,"Jun 23, 1992",-,-,110,110,https://oakgis.maps.arcgis.com/apps/webappviewer/index.html?id=3676148ea4924fc7b75e7350903c7224&marker=-122.27204052411763%2C37.79623663410452%2C%2C%2C%2C&markertemplate=%7B%22title%22%3A%22%22%2C%22longitude%22%3A-122.27204052411763%2C%22latitude%22%3A37.79623663410452%2C%22isIncludeShareUrl%22%3Atrue%7D&level=18,https://www.oaklandca.gov/resources/oakland-designated-landmark-110-posey-tube-portal-image-a,,
Ellen Kenna House,37.818668,-122.252320,1218 East 21st Street,FALSE,LM 91-129,11464,"Jun 23, 1992",-,-,111,111,https://oakgis.maps.arcgis.com/apps/webappviewer/index.html?id=3676148ea4924fc7b75e7350903c7224&marker=-122.24143039983248%2C37.79506119517092%2C%2C%2C%2C&markertemplate=%7B%22title%22%3A%22%22%2C%22longitude%22%3A-122.24143039983248%2C%22latitude%22%3A37.79506119517092%2C%22isIncludeShareUrl%22%3Atrue%7D&level=18,https://www.oaklandca.gov/resources/oakland-designated-landmark-111-ellen-kenna-house-image-a,https://www.oaklandca.gov/resources/oakland-designated-landmark-111-ellen-kenna-house-image-b,
Lake Merritt Hotel,37.796582,-122.248589,1800 Madison Street,FALSE,LM 91-136,11465,"Jun 23, 1992",-,-,112,112,https://oakgis.maps.arcgis.com/apps/webappviewer/index.html?id=3676148ea4924fc7b75e7350903c7224&marker=-122.26211058449888%2C37.804605842776176%2C%2C%2C%2C&markertemplate=%7B%22title%22%3A%22%22%2C%22longitude%22%3A-122.26211058449888%2C%22latitude%22%3A37.804605842776176%2C%22isIncludeShareUrl%22%3Atrue%7D&level=18,https://www.oaklandca.gov/resources/oakland-designated-landmark-112-lake-merritt-hotel-image-a,https://www.oaklandca.gov/resources/oakland-designated-landmark-112-lake-merritt-hotel-image-b,
A Palace Apartments (Alison Apartments),37.819221,-122.272651,1560 Alice Street,FALSE,LM 90-446,11466,"Jun 23, 1992",-,-,113,113,https://oakgis.maps.arcgis.com/apps/webappviewer/index.html?id=3676148ea4924fc7b75e7350903c7224&marker=-122.26550930918668%2C37.803880578285806%2C%2C%2C%2C&markertemplate=%7B%22title%22%3A%22%22%2C%22longitude%22%3A-122.26550930918668%2C%22latitude%22%3A37.803880578285806%2C%22isIncludeShareUrl%22%3Atrue%7D&level=18,https://www.oaklandca.gov/resources/oakland-designated-landmark-113-a-palace-apartments-alison-apartments-image-a,,
Modern Safeway Store Office Warehouse Building,37.832542,-122.268668,5701-5759 International Boulevard,FALSE,LM 92-121,11558,"Mar 9, 1993",-,-,114,114,https://oakgis.maps.arcgis.com/apps/webappviewer/index.html?id=3676148ea4924fc7b75e7350903c7224&marker=-122.2017504445882%2C37.76595727219099%2C%2C%2C%2C&markertemplate=%7B%22title%22%3A%22INTERNATIONAL%20BLVD%22%2C%22longitude%22%3A-122.2017504445882%2C%22latitude%22%3A37.76595727219099%2C%22isIncludeShareUrl%22%3Atrue%7D&level=18,https://www.oaklandca.gov/resources/oakland-designated-landmark-114-modern-safeway-store-office-warehouse-building-image-a,,
Oakland Chinese Presbyterian Church & Annex,37.831814,-122.246037,265-73 8th Street,FALSE,LM 93-269,11705,"May 3, 1994",-,-,115,115,https://oakgis.maps.arcgis.com/apps/webappviewer/index.html?id=3676148ea4924fc7b75e7350903c7224&marker=-122.27017598372774%2C37.798759172711854%2C%2C%2C%2C&markertemplate=%7B%22title%22%3A%22%22%2C%22longitude%22%3A-122.27017598372774%2C%22latitude%22%3A37.798759172711854%2C%22isIncludeShareUrl%22%3Atrue%7D&level=18,https://www.oaklandca.gov/resources/oakland-designated-landmark-115-oakland-chinese-presbyterian-church-annex-image-a,,
St Paul's Episcopal Church,37.795109,-122.272156,114 Montecito Avenue,FALSE,LM 92-200,11708,"May 24, 1994",-,-,116,116,https://oakgis.maps.arcgis.com/apps/webappviewer/index.html?id=3676148ea4924fc7b75e7350903c7224&marker=-122.26024199649171%2C37.81134944580006%2C%2C%2C%2C&markertemplate=%7B%22title%22%3A%22%22%2C%22longitude%22%3A-122.26024199649171%2C%22latitude%22%3A37.81134944580006%2C%22isIncludeShareUrl%22%3Atrue%7D&level=18,https://www.oaklandca.gov/resources/oakland-designated-landmark-116-st-pauls-episcopal-church-image-a,,
University High School/North Oakland Senior Center,37.819187,-122.259740,5714 Martin Luther King Jr. Way,TRUE,LM 90-459,11720,"Jul 19, 1994",-,-,117,117,https://oakgis.maps.arcgis.com/apps/webappviewer/index.html?id=3676148ea4924fc7b75e7350903c7224&marker=-122.2695135874669%2C37.84229143915613%2C%2C%2C%2C&markertemplate=%7B%22title%22%3A%22M%20L%20KING%20JR%20WAY%22%2C%22longitude%22%3A-122.2695135874669%2C%22latitude%22%3A37.84229143915613%2C%22isIncludeShareUrl%22%3Atrue%7D&level=18,https://www.oaklandca.gov/resources/oakland-designated-landmark-117-university-high-school-north-oakland-senior-center-image-a,https://www.oaklandca.gov/resources/oakland-designated-landmark-117-university-high-school-north-oakland-senior-center-image-b,
Temple Sinai,37.805758,-122.271205,362 28th Street,FALSE,LM 94-215,11759,"Dec 13, 1994",-,-,118,118,https://oakgis.maps.arcgis.com/apps/webappviewer/index.html?id=3676148ea4924fc7b75e7350903c7224&marker=-122.26454643746207%2C37.8164077894589%2C%2C%2C%2C&markertemplate=%7B%22title%22%3A%2228TH%20ST%22%2C%22longitude%22%3A-122.26454643746207%2C%22latitude%22%3A37.8164077894589%2C%22isIncludeShareUrl%22%3Atrue%7D&level=18,https://www.oaklandca.gov/resources/oakland-designated-landmark-118-temple-sinai-image-a,https://www.oaklandca.gov/resources/oakland-designated-landmark-118-temple-sinai-image-b,
Oakland Museum,37.859138,-122.242146,1000 Oak Street,FALSE,LM 94-40,11769,"Feb 7, 1995",-,-,119,119,https://oakgis.maps.arcgis.com/apps/webappviewer/index.html?id=3676148ea4924fc7b75e7350903c7224&marker=-122.26399699231187%2C37.7983582796771%2C%2C%2C%2C&markertemplate=%7B%22title%22%3A%22OAK%20ST%22%2C%22longitude%22%3A-122.26399699231187%2C%22latitude%22%3A37.7983582796771%2C%22isIncludeShareUrl%22%3Atrue%7D&level=18,https://www.oaklandca.gov/resources/oakland-designated-landmark-119-oakland-museum-image-a,https://www.oaklandca.gov/resources/oakland-designated-landmark-119-oakland-museum-image-b,https://www.oaklandca.gov/resources/oakland-designated-landmark-119-oakland-museum-image-c
Borax Smith's Red House,37.803735,-122.277864,817 East 24th Street,FALSE,LM 95-44,11798,"Jun 6, 1995",-,-,120,120,https://oakgis.maps.arcgis.com/apps/webappviewer/index.html?id=3676148ea4924fc7b75e7350903c7224&marker=-122.24194081889524%2C37.80002845987317%2C%2C%2C%2C&markertemplate=%7B%22title%22%3A%22%22%2C%22longitude%22%3A-122.24194081889524%2C%22latitude%22%3A37.80002845987317%2C%22isIncludeShareUrl%22%3Atrue%7D&level=18,https://www.oaklandca.gov/resources/oakland-designated-landmark-120-borax-smiths-red-house-image-a,,
Alameda County Title Insurance Co Building,37.804027,-122.277644,380-98 14th Street/1400-04 Franklin Street,FALSE,LM 95-45,11799,"Jun 6, 1995",-,-,121,121,https://oakgis.maps.arcgis.com/apps/webappviewer/index.html?id=3676148ea4924fc7b75e7350903c7224&marker=-122.2697387875296%2C37.80392443860272%2C%2C%2C%2C&markertemplate=%7B%22title%22%3A%22FRANKLIN%20ST%22%2C%22longitude%22%3A-122.2697387875296%2C%22latitude%22%3A37.80392443860272%2C%22isIncludeShareUrl%22%3Atrue%7D&level=18,https://www.oaklandca.gov/resources/oakland-designated-landmark-121-alameda-county-title-insurance-co-building-image-a,,
Joe & Rose Shoong House,37.806600,-122.295100,385 Bellevue Avenue,FALSE,LM 95-78,11841,"Dec 5, 1995",-,-,122,122,https://oakgis.maps.arcgis.com/apps/webappviewer/index.html?id=3676148ea4924fc7b75e7350903c7224&marker=-122.25294029880948%2C37.81119891085967%2C%2C%2C%2C&markertemplate=%7B%22title%22%3A%22BELLEVUE%20AVE%22%2C%22longitude%22%3A-122.25294029880948%2C%22latitude%22%3A37.81119891085967%2C%22isIncludeShareUrl%22%3Atrue%7D&level=18,https://www.oaklandca.gov/resources/oakland-designated-landmark-122-joe-rose-shoong-house-image-a,,
Charles & Lucretia Bates House,37.805198,-122.271326,399 Bellevue Avenue,FALSE,LM 95-79,11842,"Dec 5, 1995",-,-,123,123,https://oakgis.maps.arcgis.com/apps/webappviewer/index.html?id=3676148ea4924fc7b75e7350903c7224&marker=-122.25271499325221%2C37.81069881583578%2C%2C%2C%2C&markertemplate=%7B%22title%22%3A%22BELLEVUE%20AVE%22%2C%22longitude%22%3A-122.25271499325221%2C%22latitude%22%3A37.81069881583578%2C%22isIncludeShareUrl%22%3Atrue%7D&level=18,https://www.oaklandca.gov/resources/oakland-designated-landmark-123-charles-lucretia-bates-house-image-a,,
John & Anna McElroy House,37.802864,-122.265830,401 Lee Street,FALSE,LM 95-77,11843,"Dec 5, 1995",-,-,124,124,https://oakgis.maps.arcgis.com/apps/webappviewer/index.html?id=3676148ea4924fc7b75e7350903c7224&marker=-122.2566149251604%2C37.81085562565695%2C%2C%2C%2C&markertemplate=%7B%22title%22%3A%22LEE%20ST%22%2C%22longitude%22%3A-122.2566149251604%2C%22latitude%22%3A37.81085562565695%2C%22isIncludeShareUrl%22%3Atrue%7D&level=18,https://www.oaklandca.gov/resources/oakland-designated-landmark-124-john-anna-mcelroy-house-image-a,https://www.oaklandca.gov/resources/oakland-designated-landmark-124-john-anna-mcelroy-house-image-b,
Fire Station #10,37.802337,-122.261486,172 Santa Clara Avenue,FALSE,LM 95-171,11844,"Dec 5, 1995",-,-,125,125,https://oakgis.maps.arcgis.com/apps/webappviewer/index.html?id=3676148ea4924fc7b75e7350903c7224&marker=-122.25241664001452%2C37.81860970360143%2C%2C%2C%2C&markertemplate=%7B%22title%22%3A%22SANTA%20CLARA%20AVE%22%2C%22longitude%22%3A-122.25241664001452%2C%22latitude%22%3A37.81860970360143%2C%22isIncludeShareUrl%22%3Atrue%7D&level=18,https://www.oaklandca.gov/resources/oakland-designated-landmark-125-fire-station-image-a,,
Our Savior Danish Lutheran Church (Seventh Avenue Missionary Baptist Church),37.817243,-122.273951,1740 7th Avenue,FALSE,LM 95-186,11852,"Jan 23, 1996",-,-,126,126,https://oakgis.maps.arcgis.com/apps/webappviewer/index.html?id=3676148ea4924fc7b75e7350903c7224&marker=-122.24853690806911%2C37.796557373331005%2C%2C%2C%2C&markertemplate=%7B%22title%22%3A%227TH%20AVE%22%2C%22longitude%22%3A-122.24853690806911%2C%22latitude%22%3A37.796557373331005%2C%22isIncludeShareUrl%22%3Atrue%7D&level=18,https://www.oaklandca.gov/resources/oakland-designated-landmark-126-our-savior-danish-lutheran-church-seventh-avenue-missionary-baptist-church,,
Oakland Laundry Company/Calous Linen Service,37.832805,-122.257209,730-29th Street,FALSE,LM 95-187,11853,"Jan 23, 1996",-,-,127,127,https://oakgis.maps.arcgis.com/apps/webappviewer/index.html?id=3676148ea4924fc7b75e7350903c7224&marker=-122.27289946705753%2C37.81911178541099%2C%2C%2C%2C&markertemplate=%7B%22title%22%3A%2229TH%20ST%22%2C%22longitude%22%3A-122.27289946705753%2C%22latitude%22%3A37.81911178541099%2C%22isIncludeShareUrl%22%3Atrue%7D&level=18,https://www.oaklandca.gov/resources/oakland-designated-landmark-127-oakland-laundry-company-calous-linen-service-image-a,,
"Walter ""Brownie"" McGhee House",37.800863,-122.220793,688 43rd Street,FALSE,LM 96-106,11949,"Dec 3, 1996",-,-,128,128,https://oakgis.maps.arcgis.com/apps/webappviewer/index.html?id=3676148ea4924fc7b75e7350903c7224&marker=-122.26869843074536%2C37.832480004535%2C%2C%2C%2C&markertemplate=%7B%22title%22%3A%2243RD%20ST%22%2C%22longitude%22%3A-122.26869843074536%2C%22latitude%22%3A37.832480004535%2C%22isIncludeShareUrl%22%3Atrue%7D&level=18,https://www.oaklandca.gov/resources/oakland-designated-landmark-128-walter-brownie-mcghee-house-image-a,,
Chapel of the Chimes,37.798515,-122.267851,4499 Piedmont Avenue,FALSE,LM 97-193,12123,"Mar 30, 1999",-,-,129,129,https://oakgis.maps.arcgis.com/apps/webappviewer/index.html?id=3676148ea4924fc7b75e7350903c7224&marker=-122.2456527560178%2C37.831811222997295%2C%2C%2C%2C&markertemplate=%7B%22title%22%3A%22PIEDMONT%20AVE%22%2C%22longitude%22%3A-122.2456527560178%2C%22latitude%22%3A37.831811222997295%2C%22isIncludeShareUrl%22%3Atrue%7D&level=18,https://www.oaklandca.gov/resources/oakland-designated-landmark-129-chapel-of-the-chimes-image-a,https://www.oaklandca.gov/resources/oakland-designated-landmark-129-chapel-of-the-chimes-image-b,https://www.oaklandca.gov/resources/oakland-designated-landmark-129-chapel-of-the-chimes-image-c
American Bag Company/Union Hide Company,37.841205,-122.242645,299 3rd Street,FALSE,LM 99-002,12124,"Mar 30, 1999",-,-,130,130,https://oakgis.maps.arcgis.com/apps/webappviewer/index.html?id=3676148ea4924fc7b75e7350903c7224&marker=-122.27239009851858%2C37.79532780986869%2C%2C%2C%2C&markertemplate=%7B%22title%22%3A%22%22%2C%22longitude%22%3A-122.27239009851858%2C%22latitude%22%3A37.79532780986869%2C%22isIncludeShareUrl%22%3Atrue%7D&level=18,https://www.oaklandca.gov/resources/oakland-designated-landmark-130-american-bag-company-union-hide-company-image-a,,
Cox Cadillac - Whole Foods Store,37.808708,-122.302575,216-30 Bay Place/2500-42 Harrison Street,FALSE,LM98-014,-,-,-,-,131,131,https://oakgis.maps.arcgis.com/apps/webappviewer/index.html?id=3676148ea4924fc7b75e7350903c7224&marker=-122.2609872509069%2C37.812744866016764%2C%2C%2C%2C&markertemplate=%7B%22title%22%3A%22BAY%20PL%22%2C%22longitude%22%3A-122.2609872509069%2C%22latitude%22%3A37.812744866016764%2C%22isIncludeShareUrl%22%3Atrue%7D&level=18,https://www.oaklandca.gov/resources/oakland-designated-landmark-131-cox-cadillac-whole-foods-storeimage-a,,
The Rotunda,37.805615,-122.270837,300 Frank H. Ogawa Plaza,FALSE,LM 99-346,-,-,-,-,132,132,https://oakgis.maps.arcgis.com/apps/webappviewer/index.html?id=3676148ea4924fc7b75e7350903c7224&marker=-122.27152336300688%2C37.80566289350159%2C%2C%2C%2C&markertemplate=%7B%22title%22%3A%22FRANK%20H%20OGAWA%20PLZ%22%2C%22longitude%22%3A-122.27152336300688%2C%22latitude%22%3A37.80566289350159%2C%22isIncludeShareUrl%22%3Atrue%7D&level=18,https://www.oaklandca.gov/resources/oakland-designated-landmark-132-the-rotunda-image-a,https://www.oaklandca.gov/resources/oakland-designated-landmark-132-the-rotunda-image-b,
Claremont Hotel,37.858978,-122.242213,41 Tunnel Road,FALSE,LM01-404,-,-,-,-,133,133,https://oakgis.maps.arcgis.com/apps/webappviewer/index.html?id=3676148ea4924fc7b75e7350903c7224&marker=-122.242113450818%2C37.85915207692121%2C%2C%2C%2C&markertemplate=%7B%22title%22%3A%22TUNNEL%20RD%22%2C%22longitude%22%3A-122.242113450818%2C%22latitude%22%3A37.85915207692121%2C%22isIncludeShareUrl%22%3Atrue%7D&level=18,https://www.oaklandca.gov/resources/oakland-designated-landmark-133-claremont-hotel-image-a,https://www.oaklandca.gov/resources/oakland-designated-landmark-133-claremont-hotel-image-b,
New St Paul's Missionary Baptist Church,37.803719,-122.277838,1011 Martin Luther King Jr. Way,FALSE,LM02-463,-,-,-,-,134,134,https://oakgis.maps.arcgis.com/apps/webappviewer/index.html?id=3676148ea4924fc7b75e7350903c7224&marker=-122.27767570250765%2C37.80371080429145%2C%2C%2C%2C&markertemplate=%7B%22title%22%3A%22M%20L%20KING%20JR%20WAY%22%2C%22longitude%22%3A-122.27767570250765%2C%22latitude%22%3A37.80371080429145%2C%22isIncludeShareUrl%22%3Atrue%7D&level=18,https://www.oaklandca.gov/resources/oakland-designated-landmark-134-new-st-pauls-missionary-baptist-church-image-a,,
"Victorian Legal Center, Law Offices of Warren B Wilson (Mason-Elsey-Wilson House)",37.804039,-122.277643,653 -11TH Street,FALSE,LM03-583,12598,"May 18, 2004",-,-,135,135,https://oakgis.maps.arcgis.com/apps/webappviewer/index.html?id=3676148ea4924fc7b75e7350903c7224&marker=-122.27754695647492%2C37.804062599687626%2C%2C%2C%2C&markertemplate=%7B%22title%22%3A%2211TH%20ST%22%2C%22longitude%22%3A-122.27754695647492%2C%22latitude%22%3A37.804062599687626%2C%22isIncludeShareUrl%22%3Atrue%7D&level=18,https://www.oaklandca.gov/resources/oakland-designated-landmark-135-victorian-legal-center-law-offices-of-warren-b-wilson-image-a,,
Samm/Dalton/Cooper House and Corner Store,37.806524,-122.294669,1450 - 1454 8th Street,FALSE,LM04-001,12599,"May 18, 2004",-,-,136,136,https://oakgis.maps.arcgis.com/apps/webappviewer/index.html?id=3676148ea4924fc7b75e7350903c7224&marker=-122.29466584437961%2C37.806723444918184%2C%2C%2C%2C&markertemplate=%7B%22title%22%3A%228TH%20ST%22%2C%22longitude%22%3A-122.29466584437961%2C%22latitude%22%3A37.806723444918184%2C%22isIncludeShareUrl%22%3Atrue%7D&level=18,https://www.oaklandca.gov/resources/oakland-designated-landmark-136-samm-dalton-cooper-house-and-corner-store-image-a,,
Broadway First National Bank and Lionel Wilson Building,37.804685,-122.271165,150 Frank H. Ogawa Plaza,FALSE,LM05-068,12660,"Jun 7, 2005",-,-,137,137,https://oakgis.maps.arcgis.com/apps/webappviewer/index.html?id=3676148ea4924fc7b75e7350903c7224&marker=-122.27117383611173%2C37.80478363754171%2C%2C%2C%2C&markertemplate=%7B%22title%22%3A%22FRANK%20H%20OGAWA%20PLZ%22%2C%22longitude%22%3A-122.27117383611173%2C%22latitude%22%3A37.80478363754171%2C%22isIncludeShareUrl%22%3Atrue%7D&level=18,https://www.oaklandca.gov/resources/oakland-designated-landmark-137-broadway-first-national-bank-and-lionel-wilson-building-image-a,https://www.oaklandca.gov/resources/oakland-designated-landmark-137-broadway-first-national-bank-and-lionel-wilson-building-image-b,
Malonga Casquelourd Center for the Arts,37.802920,-122.265917,1428 Alice Street,FALSE,LM05-066,12659,"Jun 7, 2005",-,-,138,138,https://oakgis.maps.arcgis.com/apps/webappviewer/index.html?id=3676148ea4924fc7b75e7350903c7224&marker=-122.26592743527789%2C37.80289750442044%2C%2C%2C%2C&markertemplate=%7B%22title%22%3A%22ALICE%20ST%22%2C%22longitude%22%3A-122.26592743527789%2C%22latitude%22%3A37.80289750442044%2C%22isIncludeShareUrl%22%3Atrue%7D&level=18,https://www.oaklandca.gov/resources/oakland-designated-landmark-138-malonga-casquelourd-center-for-the-atrs-image-a,https://www.oaklandca.gov/resources/oakland-designated-landmark-138-malonga-casquelourd-center-for-the-arts-image-b,
Municipal Boathouse,37.802194,-122.261510,1520 Lakeside Drive,FALSE,LM05-067,12662,"Jun 7, 2005",-,-,139,139,https://oakgis.maps.arcgis.com/apps/webappviewer/index.html?id=3676148ea4924fc7b75e7350903c7224&marker=-122.26222598683682%2C37.80260504351067%2C%2C%2C%2C&markertemplate=%7B%22title%22%3A%22LAKESIDE%20DR%22%2C%22longitude%22%3A-122.26222598683682%2C%22latitude%22%3A37.80260504351067%2C%22isIncludeShareUrl%22%3Atrue%7D&level=18,https://www.oaklandca.gov/resources/oakland-designated-landmark-139-municipal-boathouse-image-a,https://www.oaklandca.gov/resources/oakland-designated-landmark-139-municipal-boathouse-image-b,
St Andrew Missionary Baptist Church,37.817258,-122.274093,2624 West Street,FALSE,LM04-371,12661,"Jun 7, 2005",-,-,140,140,https://oakgis.maps.arcgis.com/apps/webappviewer/index.html?id=3676148ea4924fc7b75e7350903c7224&marker=-122.27397739581507%2C37.81719243180599%2C%2C%2C%2C&markertemplate=%7B%22title%22%3A%22WEST%20ST%22%2C%22longitude%22%3A-122.27397739581507%2C%22latitude%22%3A37.81719243180599%2C%22isIncludeShareUrl%22%3Atrue%7D&level=18,https://www.oaklandca.gov/resources/oakland-designated-landmark-140-st-andrew-missionary-baptist-church-image-a,https://www.oaklandca.gov/resources/oakland-designated-landmark-140-st-andrew-missionary-baptist-church-image-b,
Studio One Arts Center,37.833269,-122.257115,365 45th Street,TRUE,LM06-340,12912,"Jan 6, 2009",-,-,141,141,https://oakgis.maps.arcgis.com/apps/webappviewer/index.html?id=3676148ea4924fc7b75e7350903c7224&marker=-122.25707779215907%2C37.83279897658907%2C%2C%2C%2C&markertemplate=%7B%22title%22%3A%2245TH%20ST%22%2C%22longitude%22%3A-122.25707779215907%2C%22latitude%22%3A37.83279897658907%2C%22isIncludeShareUrl%22%3Atrue%7D&level=18,https://www.oaklandca.gov/resources/oakland-designated-landmark-141-studio-one-arts-center-image-a,https://www.oaklandca.gov/resources/oakland-designated-landmark-141-studio-one-arts-center-image-b,
The Altenheim Senior Housing,37.800509,-122.220941,1720 MacArthur Blvd.,TRUE,LM06-341,12911,"Jan 6, 2009",-,-,142,142,https://oakgis.maps.arcgis.com/apps/webappviewer/index.html?id=3676148ea4924fc7b75e7350903c7224&marker=-122.22081011212671%2C37.800778061297784%2C%2C%2C%2C&markertemplate=%7B%22title%22%3A%22MACARTHUR%20BLVD%22%2C%22longitude%22%3A-122.22081011212671%2C%22latitude%22%3A37.800778061297784%2C%22isIncludeShareUrl%22%3Atrue%7D&level=18,https://www.oaklandca.gov/resources/oakland-designated-landmark-142-the-altenheim-senior-housing-image-a,https://www.oaklandca.gov/resources/oakland-designated-landmark-142-the-altenheim-senior-housing-image-b,
Buddhist Church of Oakland,37.800228,-122.220876,825 Jackson Street,FALSE,LM09-240,-,-,-,-,143,143,https://oakgis.maps.arcgis.com/apps/webappviewer/index.html?id=3676148ea4924fc7b75e7350903c7224&marker=-122.26780255705037%2C37.79842243136904%2C%2C%2C%2C&markertemplate=%7B%22title%22%3A%22JACKSON%20ST%22%2C%22longitude%22%3A-122.26780255705037%2C%22latitude%22%3A37.79842243136904%2C%22isIncludeShareUrl%22%3Atrue%7D&level=18,https://www.oaklandca.gov/resources/oakland-designated-landmark-143-buddhist-church-of-oakland-image-a,,
Morse House,37.841211,-122.242728,5654 Margarido Drive,FALSE,LM11-122,-,-,-,-,144,144,https://oakgis.maps.arcgis.com/apps/webappviewer/index.html?id=3676148ea4924fc7b75e7350903c7224&marker=-122.24266419919873%2C37.84117469191137%2C%2C%2C%2C&markertemplate=%7B%22title%22%3A%22MARGARIDO%20DR%22%2C%22longitude%22%3A-122.24266419919873%2C%22latitude%22%3A37.84117469191137%2C%22isIncludeShareUrl%22%3Atrue%7D&level=18,https://www.oaklandca.gov/resources/oakland-designated-landmark-144-morse-house-image-a,,
Shorey House,37.808500,-122.302700,1782 8th Street,FALSE,LM12-071,-,-,-,-,145,145,https://oakgis.maps.arcgis.com/apps/webappviewer/index.html?id=3676148ea4924fc7b75e7350903c7224&marker=-122.30272439679476%2C37.80850384118338%2C%2C%2C%2C&markertemplate=%7B%22title%22%3A%228TH%20ST%22%2C%22longitude%22%3A-122.30272439679476%2C%22latitude%22%3A37.80850384118338%2C%22isIncludeShareUrl%22%3Atrue%7D&level=18,https://www.oaklandca.gov/resources/oakland-designated-landmark-145-shorey-house-image-a,,